,id,seq,class
0,ldtps5_WT,MDLAKQISVVDSSLQDVTRNITRPLANFHPNVWGDRFLLNNSDQVQLKMNALDKEEAIEKLKEGVRRKLKEASNDYMRLIQMVDAIQRLGFAYHFEEEIDQALQCLFERHHEYCKDNHDLYANSLSFRLLRQQGYRVSCEIFEKFKDVKGNFMLPNNGEVMGVLEFYEATHLRVHGEDLLDHDFVLSREYLESVLPSLTNPLAEQVDHALHQHSNRRGLSRLEARHYMPVYEQYASHDQYLLKLAKLDFNMLQSLHKEELSELSRWWKGIDVARNLPYARDRIVETYFWILGVYFEPEYAAARKILVKVQSLFSIIDDTFDAYGTFEELQIFTQALERWSISCLDQLPDYMKLIYKTVLEVYDEIEEEMIKQGTSYRTAYGIEAIKSLTRNYFMEAEWREKKYTPTTDEHMRLALKTCGYTSLIIISFLGMGEVVKREAFDWVLSEPDFVKASLTINRLVDDIVGHEDEQKRNHVVSSVECYVQESKTSREDAVYELNSRVESTWKDLNEGFLKPTKFPSPLLYRVLNYSRVIEVMYTKGDWYTNVGPEMQDYIRQLLIDPVNVE,0
1,ldtps5_I290V,MDLAKQISVVDSSLQDVTRNITRPLANFHPNVWGDRFLLNNSDQVQLKMNALDKEEAIEKLKEGVRRKLKEASNDYMRLIQMVDAIQRLGFAYHFEEEIDQALQCLFERHHEYCKDNHDLYANSLSFRLLRQQGYRVSCEIFEKFKDVKGNFMLPNNGEVMGVLEFYEATHLRVHGEDLLDHDFVLSREYLESVLPSLTNPLAEQVDHALHQHSNRRGLSRLEARHYMPVYEQYASHDQYLLKLAKLDFNMLQSLHKEELSELSRWWKGIDVARNLPYARDRIVETYFWVLGVYFEPEYAAARKILVKVQSLFSIIDDTFDAYGTFEELQIFTQALERWSISCLDQLPDYMKLIYKTVLEVYDEIEEEMIKQGTSYRTAYGIEAIKSLTRNYFMEAEWREKKYTPTTDEHMRLALKTCGYTSLIIISFLGMGEVVKREAFDWVLSEPDFVKASLTINRLVDDIVGHEDEQKRNHVVSSVECYVQESKTSREDAVYELNSRVESTWKDLNEGFLKPTKFPSPLLYRVLNYSRVIEVMYTKGDWYTNVGPEMQDYIRQLLIDPVNVE,0
2,ldtps5_I316L,MDLAKQISVVDSSLQDVTRNITRPLANFHPNVWGDRFLLNNSDQVQLKMNALDKEEAIEKLKEGVRRKLKEASNDYMRLIQMVDAIQRLGFAYHFEEEIDQALQCLFERHHEYCKDNHDLYANSLSFRLLRQQGYRVSCEIFEKFKDVKGNFMLPNNGEVMGVLEFYEATHLRVHGEDLLDHDFVLSREYLESVLPSLTNPLAEQVDHALHQHSNRRGLSRLEARHYMPVYEQYASHDQYLLKLAKLDFNMLQSLHKEELSELSRWWKGIDVARNLPYARDRIVETYFWILGVYFEPEYAAARKILVKVQSLFSILDDTFDAYGTFEELQIFTQALERWSISCLDQLPDYMKLIYKTVLEVYDEIEEEMIKQGTSYRTAYGIEAIKSLTRNYFMEAEWREKKYTPTTDEHMRLALKTCGYTSLIIISFLGMGEVVKREAFDWVLSEPDFVKASLTINRLVDDIVGHEDEQKRNHVVSSVECYVQESKTSREDAVYELNSRVESTWKDLNEGFLKPTKFPSPLLYRVLNYSRVIEVMYTKGDWYTNVGPEMQDYIRQLLIDPVNVE,0
3,ldtps5_N457C,MDLAKQISVVDSSLQDVTRNITRPLANFHPNVWGDRFLLNNSDQVQLKMNALDKEEAIEKLKEGVRRKLKEASNDYMRLIQMVDAIQRLGFAYHFEEEIDQALQCLFERHHEYCKDNHDLYANSLSFRLLRQQGYRVSCEIFEKFKDVKGNFMLPNNGEVMGVLEFYEATHLRVHGEDLLDHDFVLSREYLESVLPSLTNPLAEQVDHALHQHSNRRGLSRLEARHYMPVYEQYASHDQYLLKLAKLDFNMLQSLHKEELSELSRWWKGIDVARNLPYARDRIVETYFWILGVYFEPEYAAARKILVKVQSLFSIIDDTFDAYGTFEELQIFTQALERWSISCLDQLPDYMKLIYKTVLEVYDEIEEEMIKQGTSYRTAYGIEAIKSLTRNYFMEAEWREKKYTPTTDEHMRLALKTCGYTSLIIISFLGMGEVVKREAFDWVLSEPDFVKASLTICRLVDDIVGHEDEQKRNHVVSSVECYVQESKTSREDAVYELNSRVESTWKDLNEGFLKPTKFPSPLLYRVLNYSRVIEVMYTKGDWYTNVGPEMQDYIRQLLIDPVNVE,1
4,ldtps5_L454C,MDLAKQISVVDSSLQDVTRNITRPLANFHPNVWGDRFLLNNSDQVQLKMNALDKEEAIEKLKEGVRRKLKEASNDYMRLIQMVDAIQRLGFAYHFEEEIDQALQCLFERHHEYCKDNHDLYANSLSFRLLRQQGYRVSCEIFEKFKDVKGNFMLPNNGEVMGVLEFYEATHLRVHGEDLLDHDFVLSREYLESVLPSLTNPLAEQVDHALHQHSNRRGLSRLEARHYMPVYEQYASHDQYLLKLAKLDFNMLQSLHKEELSELSRWWKGIDVARNLPYARDRIVETYFWILGVYFEPEYAAARKILVKVQSLFSIIDDTFDAYGTFEELQIFTQALERWSISCLDQLPDYMKLIYKTVLEVYDEIEEEMIKQGTSYRTAYGIEAIKSLTRNYFMEAEWREKKYTPTTDEHMRLALKTCGYTSLIIISFLGMGEVVKREAFDWVLSEPDFVKASCTINRLVDDIVGHEDEQKRNHVVSSVECYVQESKTSREDAVYELNSRVESTWKDLNEGFLKPTKFPSPLLYRVLNYSRVIEVMYTKGDWYTNVGPEMQDYIRQLLIDPVNVE,0
5,"ldtps5_I290V,L454C",MDLAKQISVVDSSLQDVTRNITRPLANFHPNVWGDRFLLNNSDQVQLKMNALDKEEAIEKLKEGVRRKLKEASNDYMRLIQMVDAIQRLGFAYHFEEEIDQALQCLFERHHEYCKDNHDLYANSLSFRLLRQQGYRVSCEIFEKFKDVKGNFMLPNNGEVMGVLEFYEATHLRVHGEDLLDHDFVLSREYLESVLPSLTNPLAEQVDHALHQHSNRRGLSRLEARHYMPVYEQYASHDQYLLKLAKLDFNMLQSLHKEELSELSRWWKGIDVARNLPYARDRIVETYFWVLGVYFEPEYAAARKILVKVQSLFSIIDDTFDAYGTFEELQIFTQALERWSISCLDQLPDYMKLIYKTVLEVYDEIEEEMIKQGTSYRTAYGIEAIKSLTRNYFMEAEWREKKYTPTTDEHMRLALKTCGYTSLIIISFLGMGEVVKREAFDWVLSEPDFVKASCTINRLVDDIVGHEDEQKRNHVVSSVECYVQESKTSREDAVYELNSRVESTWKDLNEGFLKPTKFPSPLLYRVLNYSRVIEVMYTKGDWYTNVGPEMQDYIRQLLIDPVNVE,1
6,"ldtps5_I316L,L454C",MDLAKQISVVDSSLQDVTRNITRPLANFHPNVWGDRFLLNNSDQVQLKMNALDKEEAIEKLKEGVRRKLKEASNDYMRLIQMVDAIQRLGFAYHFEEEIDQALQCLFERHHEYCKDNHDLYANSLSFRLLRQQGYRVSCEIFEKFKDVKGNFMLPNNGEVMGVLEFYEATHLRVHGEDLLDHDFVLSREYLESVLPSLTNPLAEQVDHALHQHSNRRGLSRLEARHYMPVYEQYASHDQYLLKLAKLDFNMLQSLHKEELSELSRWWKGIDVARNLPYARDRIVETYFWILGVYFEPEYAAARKILVKVQSLFSILDDTFDAYGTFEELQIFTQALERWSISCLDQLPDYMKLIYKTVLEVYDEIEEEMIKQGTSYRTAYGIEAIKSLTRNYFMEAEWREKKYTPTTDEHMRLALKTCGYTSLIIISFLGMGEVVKREAFDWVLSEPDFVKASCTINRLVDDIVGHEDEQKRNHVVSSVECYVQESKTSREDAVYELNSRVESTWKDLNEGFLKPTKFPSPLLYRVLNYSRVIEVMYTKGDWYTNVGPEMQDYIRQLLIDPVNVE,1
7,"ldtps5_I290V,I316L,L454C",MDLAKQISVVDSSLQDVTRNITRPLANFHPNVWGDRFLLNNSDQVQLKMNALDKEEAIEKLKEGVRRKLKEASNDYMRLIQMVDAIQRLGFAYHFEEEIDQALQCLFERHHEYCKDNHDLYANSLSFRLLRQQGYRVSCEIFEKFKDVKGNFMLPNNGEVMGVLEFYEATHLRVHGEDLLDHDFVLSREYLESVLPSLTNPLAEQVDHALHQHSNRRGLSRLEARHYMPVYEQYASHDQYLLKLAKLDFNMLQSLHKEELSELSRWWKGIDVARNLPYARDRIVETYFWVLGVYFEPEYAAARKILVKVQSLFSILDDTFDAYGTFEELQIFTQALERWSISCLDQLPDYMKLIYKTVLEVYDEIEEEMIKQGTSYRTAYGIEAIKSLTRNYFMEAEWREKKYTPTTDEHMRLALKTCGYTSLIIISFLGMGEVVKREAFDWVLSEPDFVKASCTINRLVDDIVGHEDEQKRNHVVSSVECYVQESKTSREDAVYELNSRVESTWKDLNEGFLKPTKFPSPLLYRVLNYSRVIEVMYTKGDWYTNVGPEMQDYIRQLLIDPVNVE,1
8,ldtps5_V434C,MDLAKQISVVDSSLQDVTRNITRPLANFHPNVWGDRFLLNNSDQVQLKMNALDKEEAIEKLKEGVRRKLKEASNDYMRLIQMVDAIQRLGFAYHFEEEIDQALQCLFERHHEYCKDNHDLYANSLSFRLLRQQGYRVSCEIFEKFKDVKGNFMLPNNGEVMGVLEFYEATHLRVHGEDLLDHDFVLSREYLESVLPSLTNPLAEQVDHALHQHSNRRGLSRLEARHYMPVYEQYASHDQYLLKLAKLDFNMLQSLHKEELSELSRWWKGIDVARNLPYARDRIVETYFWILGVYFEPEYAAARKILVKVQSLFSIIDDTFDAYGTFEELQIFTQALERWSISCLDQLPDYMKLIYKTVLEVYDEIEEEMIKQGTSYRTAYGIEAIKSLTRNYFMEAEWREKKYTPTTDEHMRLALKTCGYTSLIIISFLGMGECVKREAFDWVLSEPDFVKASLTINRLVDDIVGHEDEQKRNHVVSSVECYVQESKTSREDAVYELNSRVESTWKDLNEGFLKPTKFPSPLLYRVLNYSRVIEVMYTKGDWYTNVGPEMQDYIRQLLIDPVNVE,0
9,ldtps5_D468F,MDLAKQISVVDSSLQDVTRNITRPLANFHPNVWGDRFLLNNSDQVQLKMNALDKEEAIEKLKEGVRRKLKEASNDYMRLIQMVDAIQRLGFAYHFEEEIDQALQCLFERHHEYCKDNHDLYANSLSFRLLRQQGYRVSCEIFEKFKDVKGNFMLPNNGEVMGVLEFYEATHLRVHGEDLLDHDFVLSREYLESVLPSLTNPLAEQVDHALHQHSNRRGLSRLEARHYMPVYEQYASHDQYLLKLAKLDFNMLQSLHKEELSELSRWWKGIDVARNLPYARDRIVETYFWILGVYFEPEYAAARKILVKVQSLFSIIDDTFDAYGTFEELQIFTQALERWSISCLDQLPDYMKLIYKTVLEVYDEIEEEMIKQGTSYRTAYGIEAIKSLTRNYFMEAEWREKKYTPTTDEHMRLALKTCGYTSLIIISFLGMGEVVKREAFDWVLSEPDFVKASLTINRLVDDIVGHEFEQKRNHVVSSVECYVQESKTSREDAVYELNSRVESTWKDLNEGFLKPTKFPSPLLYRVLNYSRVIEVMYTKGDWYTNVGPEMQDYIRQLLIDPVNVE,0
10,ldtps5_I315L,MDLAKQISVVDSSLQDVTRNITRPLANFHPNVWGDRFLLNNSDQVQLKMNALDKEEAIEKLKEGVRRKLKEASNDYMRLIQMVDAIQRLGFAYHFEEEIDQALQCLFERHHEYCKDNHDLYANSLSFRLLRQQGYRVSCEIFEKFKDVKGNFMLPNNGEVMGVLEFYEATHLRVHGEDLLDHDFVLSREYLESVLPSLTNPLAEQVDHALHQHSNRRGLSRLEARHYMPVYEQYASHDQYLLKLAKLDFNMLQSLHKEELSELSRWWKGIDVARNLPYARDRIVETYFWILGVYFEPEYAAARKILVKVQSLFSLIDDTFDAYGTFEELQIFTQALERWSISCLDQLPDYMKLIYKTVLEVYDEIEEEMIKQGTSYRTAYGIEAIKSLTRNYFMEAEWREKKYTPTTDEHMRLALKTCGYTSLIIISFLGMGEVVKREAFDWVLSEPDFVKASLTINRLVDDIVGHEDEQKRNHVVSSVECYVQESKTSREDAVYELNSRVESTWKDLNEGFLKPTKFPSPLLYRVLNYSRVIEVMYTKGDWYTNVGPEMQDYIRQLLIDPVNVE,0
11,ldtps5_S311A,MDLAKQISVVDSSLQDVTRNITRPLANFHPNVWGDRFLLNNSDQVQLKMNALDKEEAIEKLKEGVRRKLKEASNDYMRLIQMVDAIQRLGFAYHFEEEIDQALQCLFERHHEYCKDNHDLYANSLSFRLLRQQGYRVSCEIFEKFKDVKGNFMLPNNGEVMGVLEFYEATHLRVHGEDLLDHDFVLSREYLESVLPSLTNPLAEQVDHALHQHSNRRGLSRLEARHYMPVYEQYASHDQYLLKLAKLDFNMLQSLHKEELSELSRWWKGIDVARNLPYARDRIVETYFWILGVYFEPEYAAARKILVKVQALFSIIDDTFDAYGTFEELQIFTQALERWSISCLDQLPDYMKLIYKTVLEVYDEIEEEMIKQGTSYRTAYGIEAIKSLTRNYFMEAEWREKKYTPTTDEHMRLALKTCGYTSLIIISFLGMGEVVKREAFDWVLSEPDFVKASLTINRLVDDIVGHEDEQKRNHVVSSVECYVQESKTSREDAVYELNSRVESTWKDLNEGFLKPTKFPSPLLYRVLNYSRVIEVMYTKGDWYTNVGPEMQDYIRQLLIDPVNVE,0
12,ldtps5_V476W,MDLAKQISVVDSSLQDVTRNITRPLANFHPNVWGDRFLLNNSDQVQLKMNALDKEEAIEKLKEGVRRKLKEASNDYMRLIQMVDAIQRLGFAYHFEEEIDQALQCLFERHHEYCKDNHDLYANSLSFRLLRQQGYRVSCEIFEKFKDVKGNFMLPNNGEVMGVLEFYEATHLRVHGEDLLDHDFVLSREYLESVLPSLTNPLAEQVDHALHQHSNRRGLSRLEARHYMPVYEQYASHDQYLLKLAKLDFNMLQSLHKEELSELSRWWKGIDVARNLPYARDRIVETYFWILGVYFEPEYAAARKILVKVQSLFSIIDDTFDAYGTFEELQIFTQALERWSISCLDQLPDYMKLIYKTVLEVYDEIEEEMIKQGTSYRTAYGIEAIKSLTRNYFMEAEWREKKYTPTTDEHMRLALKTCGYTSLIIISFLGMGEVVKREAFDWVLSEPDFVKASLTINRLVDDIVGHEDEQKRNHVWSSVECYVQESKTSREDAVYELNSRVESTWKDLNEGFLKPTKFPSPLLYRVLNYSRVIEVMYTKGDWYTNVGPEMQDYIRQLLIDPVNVE,0
13,ldtps5_I385C,MDLAKQISVVDSSLQDVTRNITRPLANFHPNVWGDRFLLNNSDQVQLKMNALDKEEAIEKLKEGVRRKLKEASNDYMRLIQMVDAIQRLGFAYHFEEEIDQALQCLFERHHEYCKDNHDLYANSLSFRLLRQQGYRVSCEIFEKFKDVKGNFMLPNNGEVMGVLEFYEATHLRVHGEDLLDHDFVLSREYLESVLPSLTNPLAEQVDHALHQHSNRRGLSRLEARHYMPVYEQYASHDQYLLKLAKLDFNMLQSLHKEELSELSRWWKGIDVARNLPYARDRIVETYFWILGVYFEPEYAAARKILVKVQSLFSIIDDTFDAYGTFEELQIFTQALERWSISCLDQLPDYMKLIYKTVLEVYDEIEEEMIKQGTSYRTAYGIEACKSLTRNYFMEAEWREKKYTPTTDEHMRLALKTCGYTSLIIISFLGMGEVVKREAFDWVLSEPDFVKASLTINRLVDDIVGHEDEQKRNHVVSSVECYVQESKTSREDAVYELNSRVESTWKDLNEGFLKPTKFPSPLLYRVLNYSRVIEVMYTKGDWYTNVGPEMQDYIRQLLIDPVNVE,0
14,ldtps5_L558I,MDLAKQISVVDSSLQDVTRNITRPLANFHPNVWGDRFLLNNSDQVQLKMNALDKEEAIEKLKEGVRRKLKEASNDYMRLIQMVDAIQRLGFAYHFEEEIDQALQCLFERHHEYCKDNHDLYANSLSFRLLRQQGYRVSCEIFEKFKDVKGNFMLPNNGEVMGVLEFYEATHLRVHGEDLLDHDFVLSREYLESVLPSLTNPLAEQVDHALHQHSNRRGLSRLEARHYMPVYEQYASHDQYLLKLAKLDFNMLQSLHKEELSELSRWWKGIDVARNLPYARDRIVETYFWILGVYFEPEYAAARKILVKVQSLFSIIDDTFDAYGTFEELQIFTQALERWSISCLDQLPDYMKLIYKTVLEVYDEIEEEMIKQGTSYRTAYGIEAIKSLTRNYFMEAEWREKKYTPTTDEHMRLALKTCGYTSLIIISFLGMGEVVKREAFDWVLSEPDFVKASLTINRLVDDIVGHEDEQKRNHVVSSVECYVQESKTSREDAVYELNSRVESTWKDLNEGFLKPTKFPSPLLYRVLNYSRVIEVMYTKGDWYTNVGPEMQDYIRQLIIDPVNVE,0
15,ldtps5_Y553C,MDLAKQISVVDSSLQDVTRNITRPLANFHPNVWGDRFLLNNSDQVQLKMNALDKEEAIEKLKEGVRRKLKEASNDYMRLIQMVDAIQRLGFAYHFEEEIDQALQCLFERHHEYCKDNHDLYANSLSFRLLRQQGYRVSCEIFEKFKDVKGNFMLPNNGEVMGVLEFYEATHLRVHGEDLLDHDFVLSREYLESVLPSLTNPLAEQVDHALHQHSNRRGLSRLEARHYMPVYEQYASHDQYLLKLAKLDFNMLQSLHKEELSELSRWWKGIDVARNLPYARDRIVETYFWILGVYFEPEYAAARKILVKVQSLFSIIDDTFDAYGTFEELQIFTQALERWSISCLDQLPDYMKLIYKTVLEVYDEIEEEMIKQGTSYRTAYGIEAIKSLTRNYFMEAEWREKKYTPTTDEHMRLALKTCGYTSLIIISFLGMGEVVKREAFDWVLSEPDFVKASLTINRLVDDIVGHEDEQKRNHVVSSVECYVQESKTSREDAVYELNSRVESTWKDLNEGFLKPTKFPSPLLYRVLNYSRVIEVMYTKGDWYTNVGPEMQDCIRQLLIDPVNVE,0
16,"ldtps5_S311A,I315L,V434C",MDLAKQISVVDSSLQDVTRNITRPLANFHPNVWGDRFLLNNSDQVQLKMNALDKEEAIEKLKEGVRRKLKEASNDYMRLIQMVDAIQRLGFAYHFEEEIDQALQCLFERHHEYCKDNHDLYANSLSFRLLRQQGYRVSCEIFEKFKDVKGNFMLPNNGEVMGVLEFYEATHLRVHGEDLLDHDFVLSREYLESVLPSLTNPLAEQVDHALHQHSNRRGLSRLEARHYMPVYEQYASHDQYLLKLAKLDFNMLQSLHKEELSELSRWWKGIDVARNLPYARDRIVETYFWILGVYFEPEYAAARKILVKVQALFSLIDDTFDAYGTFEELQIFTQALERWSISCLDQLPDYMKLIYKTVLEVYDEIEEEMIKQGTSYRTAYGIEAIKSLTRNYFMEAEWREKKYTPTTDEHMRLALKTCGYTSLIIISFLGMGECVKREAFDWVLSEPDFVKASLTINRLVDDIVGHEDEQKRNHVVSSVECYVQESKTSREDAVYELNSRVESTWKDLNEGFLKPTKFPSPLLYRVLNYSRVIEVMYTKGDWYTNVGPEMQDYIRQLLIDPVNVE,0
17,"ldtps5_I290V,S311A,I316L,V434C,D468F,Y553C,L558I",MDLAKQISVVDSSLQDVTRNITRPLANFHPNVWGDRFLLNNSDQVQLKMNALDKEEAIEKLKEGVRRKLKEASNDYMRLIQMVDAIQRLGFAYHFEEEIDQALQCLFERHHEYCKDNHDLYANSLSFRLLRQQGYRVSCEIFEKFKDVKGNFMLPNNGEVMGVLEFYEATHLRVHGEDLLDHDFVLSREYLESVLPSLTNPLAEQVDHALHQHSNRRGLSRLEARHYMPVYEQYASHDQYLLKLAKLDFNMLQSLHKEELSELSRWWKGIDVARNLPYARDRIVETYFWVLGVYFEPEYAAARKILVKVQALFSILDDTFDAYGTFEELQIFTQALERWSISCLDQLPDYMKLIYKTVLEVYDEIEEEMIKQGTSYRTAYGIEAIKSLTRNYFMEAEWREKKYTPTTDEHMRLALKTCGYTSLIIISFLGMGECVKREAFDWVLSEPDFVKASLTINRLVDDIVGHEFEQKRNHVVSSVECYVQESKTSREDAVYELNSRVESTWKDLNEGFLKPTKFPSPLLYRVLNYSRVIEVMYTKGDWYTNVGPEMQDCIRQLIIDPVNVE,0
18,"ldtps5_I290V,I316L,L454C,N457C",MDLAKQISVVDSSLQDVTRNITRPLANFHPNVWGDRFLLNNSDQVQLKMNALDKEEAIEKLKEGVRRKLKEASNDYMRLIQMVDAIQRLGFAYHFEEEIDQALQCLFERHHEYCKDNHDLYANSLSFRLLRQQGYRVSCEIFEKFKDVKGNFMLPNNGEVMGVLEFYEATHLRVHGEDLLDHDFVLSREYLESVLPSLTNPLAEQVDHALHQHSNRRGLSRLEARHYMPVYEQYASHDQYLLKLAKLDFNMLQSLHKEELSELSRWWKGIDVARNLPYARDRIVETYFWVLGVYFEPEYAAARKILVKVQSLFSILDDTFDAYGTFEELQIFTQALERWSISCLDQLPDYMKLIYKTVLEVYDEIEEEMIKQGTSYRTAYGIEAIKSLTRNYFMEAEWREKKYTPTTDEHMRLALKTCGYTSLIIISFLGMGEVVKREAFDWVLSEPDFVKASCTICRLVDDIVGHEDEQKRNHVVSSVECYVQESKTSREDAVYELNSRVESTWKDLNEGFLKPTKFPSPLLYRVLNYSRVIEVMYTKGDWYTNVGPEMQDYIRQLLIDPVNVE,1
19,"ldtps5_I290V,I385C",MDLAKQISVVDSSLQDVTRNITRPLANFHPNVWGDRFLLNNSDQVQLKMNALDKEEAIEKLKEGVRRKLKEASNDYMRLIQMVDAIQRLGFAYHFEEEIDQALQCLFERHHEYCKDNHDLYANSLSFRLLRQQGYRVSCEIFEKFKDVKGNFMLPNNGEVMGVLEFYEATHLRVHGEDLLDHDFVLSREYLESVLPSLTNPLAEQVDHALHQHSNRRGLSRLEARHYMPVYEQYASHDQYLLKLAKLDFNMLQSLHKEELSELSRWWKGIDVARNLPYARDRIVETYFWVLGVYFEPEYAAARKILVKVQSLFSIIDDTFDAYGTFEELQIFTQALERWSISCLDQLPDYMKLIYKTVLEVYDEIEEEMIKQGTSYRTAYGIEACKSLTRNYFMEAEWREKKYTPTTDEHMRLALKTCGYTSLIIISFLGMGEVVKREAFDWVLSEPDFVKASLTINRLVDDIVGHEDEQKRNHVVSSVECYVQESKTSREDAVYELNSRVESTWKDLNEGFLKPTKFPSPLLYRVLNYSRVIEVMYTKGDWYTNVGPEMQDYIRQLLIDPVNVE,1
20,"ldtps5_I290V,V434C",MDLAKQISVVDSSLQDVTRNITRPLANFHPNVWGDRFLLNNSDQVQLKMNALDKEEAIEKLKEGVRRKLKEASNDYMRLIQMVDAIQRLGFAYHFEEEIDQALQCLFERHHEYCKDNHDLYANSLSFRLLRQQGYRVSCEIFEKFKDVKGNFMLPNNGEVMGVLEFYEATHLRVHGEDLLDHDFVLSREYLESVLPSLTNPLAEQVDHALHQHSNRRGLSRLEARHYMPVYEQYASHDQYLLKLAKLDFNMLQSLHKEELSELSRWWKGIDVARNLPYARDRIVETYFWVLGVYFEPEYAAARKILVKVQSLFSIIDDTFDAYGTFEELQIFTQALERWSISCLDQLPDYMKLIYKTVLEVYDEIEEEMIKQGTSYRTAYGIEAIKSLTRNYFMEAEWREKKYTPTTDEHMRLALKTCGYTSLIIISFLGMGECVKREAFDWVLSEPDFVKASLTINRLVDDIVGHEDEQKRNHVVSSVECYVQESKTSREDAVYELNSRVESTWKDLNEGFLKPTKFPSPLLYRVLNYSRVIEVMYTKGDWYTNVGPEMQDYIRQLLIDPVNVE,0
21,"ldtps5_I290V,V476W",MDLAKQISVVDSSLQDVTRNITRPLANFHPNVWGDRFLLNNSDQVQLKMNALDKEEAIEKLKEGVRRKLKEASNDYMRLIQMVDAIQRLGFAYHFEEEIDQALQCLFERHHEYCKDNHDLYANSLSFRLLRQQGYRVSCEIFEKFKDVKGNFMLPNNGEVMGVLEFYEATHLRVHGEDLLDHDFVLSREYLESVLPSLTNPLAEQVDHALHQHSNRRGLSRLEARHYMPVYEQYASHDQYLLKLAKLDFNMLQSLHKEELSELSRWWKGIDVARNLPYARDRIVETYFWVLGVYFEPEYAAARKILVKVQSLFSIIDDTFDAYGTFEELQIFTQALERWSISCLDQLPDYMKLIYKTVLEVYDEIEEEMIKQGTSYRTAYGIEAIKSLTRNYFMEAEWREKKYTPTTDEHMRLALKTCGYTSLIIISFLGMGEVVKREAFDWVLSEPDFVKASLTINRLVDDIVGHEDEQKRNHVWSSVECYVQESKTSREDAVYELNSRVESTWKDLNEGFLKPTKFPSPLLYRVLNYSRVIEVMYTKGDWYTNVGPEMQDYIRQLLIDPVNVE,1
22,"ldtps5_I290V,Y553C",MDLAKQISVVDSSLQDVTRNITRPLANFHPNVWGDRFLLNNSDQVQLKMNALDKEEAIEKLKEGVRRKLKEASNDYMRLIQMVDAIQRLGFAYHFEEEIDQALQCLFERHHEYCKDNHDLYANSLSFRLLRQQGYRVSCEIFEKFKDVKGNFMLPNNGEVMGVLEFYEATHLRVHGEDLLDHDFVLSREYLESVLPSLTNPLAEQVDHALHQHSNRRGLSRLEARHYMPVYEQYASHDQYLLKLAKLDFNMLQSLHKEELSELSRWWKGIDVARNLPYARDRIVETYFWVLGVYFEPEYAAARKILVKVQSLFSIIDDTFDAYGTFEELQIFTQALERWSISCLDQLPDYMKLIYKTVLEVYDEIEEEMIKQGTSYRTAYGIEAIKSLTRNYFMEAEWREKKYTPTTDEHMRLALKTCGYTSLIIISFLGMGEVVKREAFDWVLSEPDFVKASLTINRLVDDIVGHEDEQKRNHVVSSVECYVQESKTSREDAVYELNSRVESTWKDLNEGFLKPTKFPSPLLYRVLNYSRVIEVMYTKGDWYTNVGPEMQDCIRQLLIDPVNVE,0
23,"ldtps5_I385C,N457C",MDLAKQISVVDSSLQDVTRNITRPLANFHPNVWGDRFLLNNSDQVQLKMNALDKEEAIEKLKEGVRRKLKEASNDYMRLIQMVDAIQRLGFAYHFEEEIDQALQCLFERHHEYCKDNHDLYANSLSFRLLRQQGYRVSCEIFEKFKDVKGNFMLPNNGEVMGVLEFYEATHLRVHGEDLLDHDFVLSREYLESVLPSLTNPLAEQVDHALHQHSNRRGLSRLEARHYMPVYEQYASHDQYLLKLAKLDFNMLQSLHKEELSELSRWWKGIDVARNLPYARDRIVETYFWILGVYFEPEYAAARKILVKVQSLFSIIDDTFDAYGTFEELQIFTQALERWSISCLDQLPDYMKLIYKTVLEVYDEIEEEMIKQGTSYRTAYGIEACKSLTRNYFMEAEWREKKYTPTTDEHMRLALKTCGYTSLIIISFLGMGEVVKREAFDWVLSEPDFVKASLTICRLVDDIVGHEDEQKRNHVVSSVECYVQESKTSREDAVYELNSRVESTWKDLNEGFLKPTKFPSPLLYRVLNYSRVIEVMYTKGDWYTNVGPEMQDYIRQLLIDPVNVE,1
24,"ldtps5_V434C,N457C",MDLAKQISVVDSSLQDVTRNITRPLANFHPNVWGDRFLLNNSDQVQLKMNALDKEEAIEKLKEGVRRKLKEASNDYMRLIQMVDAIQRLGFAYHFEEEIDQALQCLFERHHEYCKDNHDLYANSLSFRLLRQQGYRVSCEIFEKFKDVKGNFMLPNNGEVMGVLEFYEATHLRVHGEDLLDHDFVLSREYLESVLPSLTNPLAEQVDHALHQHSNRRGLSRLEARHYMPVYEQYASHDQYLLKLAKLDFNMLQSLHKEELSELSRWWKGIDVARNLPYARDRIVETYFWILGVYFEPEYAAARKILVKVQSLFSIIDDTFDAYGTFEELQIFTQALERWSISCLDQLPDYMKLIYKTVLEVYDEIEEEMIKQGTSYRTAYGIEAIKSLTRNYFMEAEWREKKYTPTTDEHMRLALKTCGYTSLIIISFLGMGECVKREAFDWVLSEPDFVKASLTICRLVDDIVGHEDEQKRNHVVSSVECYVQESKTSREDAVYELNSRVESTWKDLNEGFLKPTKFPSPLLYRVLNYSRVIEVMYTKGDWYTNVGPEMQDYIRQLLIDPVNVE,1
25,"ldtps5_I315L,N457C",MDLAKQISVVDSSLQDVTRNITRPLANFHPNVWGDRFLLNNSDQVQLKMNALDKEEAIEKLKEGVRRKLKEASNDYMRLIQMVDAIQRLGFAYHFEEEIDQALQCLFERHHEYCKDNHDLYANSLSFRLLRQQGYRVSCEIFEKFKDVKGNFMLPNNGEVMGVLEFYEATHLRVHGEDLLDHDFVLSREYLESVLPSLTNPLAEQVDHALHQHSNRRGLSRLEARHYMPVYEQYASHDQYLLKLAKLDFNMLQSLHKEELSELSRWWKGIDVARNLPYARDRIVETYFWILGVYFEPEYAAARKILVKVQSLFSLIDDTFDAYGTFEELQIFTQALERWSISCLDQLPDYMKLIYKTVLEVYDEIEEEMIKQGTSYRTAYGIEAIKSLTRNYFMEAEWREKKYTPTTDEHMRLALKTCGYTSLIIISFLGMGEVVKREAFDWVLSEPDFVKASLTICRLVDDIVGHEDEQKRNHVVSSVECYVQESKTSREDAVYELNSRVESTWKDLNEGFLKPTKFPSPLLYRVLNYSRVIEVMYTKGDWYTNVGPEMQDYIRQLLIDPVNVE,1
26,"ldtps5_N457C,V476W",MDLAKQISVVDSSLQDVTRNITRPLANFHPNVWGDRFLLNNSDQVQLKMNALDKEEAIEKLKEGVRRKLKEASNDYMRLIQMVDAIQRLGFAYHFEEEIDQALQCLFERHHEYCKDNHDLYANSLSFRLLRQQGYRVSCEIFEKFKDVKGNFMLPNNGEVMGVLEFYEATHLRVHGEDLLDHDFVLSREYLESVLPSLTNPLAEQVDHALHQHSNRRGLSRLEARHYMPVYEQYASHDQYLLKLAKLDFNMLQSLHKEELSELSRWWKGIDVARNLPYARDRIVETYFWILGVYFEPEYAAARKILVKVQSLFSIIDDTFDAYGTFEELQIFTQALERWSISCLDQLPDYMKLIYKTVLEVYDEIEEEMIKQGTSYRTAYGIEAIKSLTRNYFMEAEWREKKYTPTTDEHMRLALKTCGYTSLIIISFLGMGEVVKREAFDWVLSEPDFVKASLTICRLVDDIVGHEDEQKRNHVWSSVECYVQESKTSREDAVYELNSRVESTWKDLNEGFLKPTKFPSPLLYRVLNYSRVIEVMYTKGDWYTNVGPEMQDYIRQLLIDPVNVE,1
27,"ldtps5_N457C,L558I",MDLAKQISVVDSSLQDVTRNITRPLANFHPNVWGDRFLLNNSDQVQLKMNALDKEEAIEKLKEGVRRKLKEASNDYMRLIQMVDAIQRLGFAYHFEEEIDQALQCLFERHHEYCKDNHDLYANSLSFRLLRQQGYRVSCEIFEKFKDVKGNFMLPNNGEVMGVLEFYEATHLRVHGEDLLDHDFVLSREYLESVLPSLTNPLAEQVDHALHQHSNRRGLSRLEARHYMPVYEQYASHDQYLLKLAKLDFNMLQSLHKEELSELSRWWKGIDVARNLPYARDRIVETYFWILGVYFEPEYAAARKILVKVQSLFSIIDDTFDAYGTFEELQIFTQALERWSISCLDQLPDYMKLIYKTVLEVYDEIEEEMIKQGTSYRTAYGIEAIKSLTRNYFMEAEWREKKYTPTTDEHMRLALKTCGYTSLIIISFLGMGEVVKREAFDWVLSEPDFVKASLTICRLVDDIVGHEDEQKRNHVVSSVECYVQESKTSREDAVYELNSRVESTWKDLNEGFLKPTKFPSPLLYRVLNYSRVIEVMYTKGDWYTNVGPEMQDYIRQLIIDPVNVE,0
28,"ldtps5_N457C,Y553C",MDLAKQISVVDSSLQDVTRNITRPLANFHPNVWGDRFLLNNSDQVQLKMNALDKEEAIEKLKEGVRRKLKEASNDYMRLIQMVDAIQRLGFAYHFEEEIDQALQCLFERHHEYCKDNHDLYANSLSFRLLRQQGYRVSCEIFEKFKDVKGNFMLPNNGEVMGVLEFYEATHLRVHGEDLLDHDFVLSREYLESVLPSLTNPLAEQVDHALHQHSNRRGLSRLEARHYMPVYEQYASHDQYLLKLAKLDFNMLQSLHKEELSELSRWWKGIDVARNLPYARDRIVETYFWILGVYFEPEYAAARKILVKVQSLFSIIDDTFDAYGTFEELQIFTQALERWSISCLDQLPDYMKLIYKTVLEVYDEIEEEMIKQGTSYRTAYGIEAIKSLTRNYFMEAEWREKKYTPTTDEHMRLALKTCGYTSLIIISFLGMGEVVKREAFDWVLSEPDFVKASLTICRLVDDIVGHEDEQKRNHVVSSVECYVQESKTSREDAVYELNSRVESTWKDLNEGFLKPTKFPSPLLYRVLNYSRVIEVMYTKGDWYTNVGPEMQDCIRQLLIDPVNVE,0
29,"ldtps5_I316L,I385C",MDLAKQISVVDSSLQDVTRNITRPLANFHPNVWGDRFLLNNSDQVQLKMNALDKEEAIEKLKEGVRRKLKEASNDYMRLIQMVDAIQRLGFAYHFEEEIDQALQCLFERHHEYCKDNHDLYANSLSFRLLRQQGYRVSCEIFEKFKDVKGNFMLPNNGEVMGVLEFYEATHLRVHGEDLLDHDFVLSREYLESVLPSLTNPLAEQVDHALHQHSNRRGLSRLEARHYMPVYEQYASHDQYLLKLAKLDFNMLQSLHKEELSELSRWWKGIDVARNLPYARDRIVETYFWILGVYFEPEYAAARKILVKVQSLFSILDDTFDAYGTFEELQIFTQALERWSISCLDQLPDYMKLIYKTVLEVYDEIEEEMIKQGTSYRTAYGIEACKSLTRNYFMEAEWREKKYTPTTDEHMRLALKTCGYTSLIIISFLGMGEVVKREAFDWVLSEPDFVKASLTINRLVDDIVGHEDEQKRNHVVSSVECYVQESKTSREDAVYELNSRVESTWKDLNEGFLKPTKFPSPLLYRVLNYSRVIEVMYTKGDWYTNVGPEMQDYIRQLLIDPVNVE,0
30,"ldtps5_I316L,V434C",MDLAKQISVVDSSLQDVTRNITRPLANFHPNVWGDRFLLNNSDQVQLKMNALDKEEAIEKLKEGVRRKLKEASNDYMRLIQMVDAIQRLGFAYHFEEEIDQALQCLFERHHEYCKDNHDLYANSLSFRLLRQQGYRVSCEIFEKFKDVKGNFMLPNNGEVMGVLEFYEATHLRVHGEDLLDHDFVLSREYLESVLPSLTNPLAEQVDHALHQHSNRRGLSRLEARHYMPVYEQYASHDQYLLKLAKLDFNMLQSLHKEELSELSRWWKGIDVARNLPYARDRIVETYFWILGVYFEPEYAAARKILVKVQSLFSILDDTFDAYGTFEELQIFTQALERWSISCLDQLPDYMKLIYKTVLEVYDEIEEEMIKQGTSYRTAYGIEAIKSLTRNYFMEAEWREKKYTPTTDEHMRLALKTCGYTSLIIISFLGMGECVKREAFDWVLSEPDFVKASLTINRLVDDIVGHEDEQKRNHVVSSVECYVQESKTSREDAVYELNSRVESTWKDLNEGFLKPTKFPSPLLYRVLNYSRVIEVMYTKGDWYTNVGPEMQDYIRQLLIDPVNVE,0
31,"ldtps5_I316L,V476W",MDLAKQISVVDSSLQDVTRNITRPLANFHPNVWGDRFLLNNSDQVQLKMNALDKEEAIEKLKEGVRRKLKEASNDYMRLIQMVDAIQRLGFAYHFEEEIDQALQCLFERHHEYCKDNHDLYANSLSFRLLRQQGYRVSCEIFEKFKDVKGNFMLPNNGEVMGVLEFYEATHLRVHGEDLLDHDFVLSREYLESVLPSLTNPLAEQVDHALHQHSNRRGLSRLEARHYMPVYEQYASHDQYLLKLAKLDFNMLQSLHKEELSELSRWWKGIDVARNLPYARDRIVETYFWILGVYFEPEYAAARKILVKVQSLFSILDDTFDAYGTFEELQIFTQALERWSISCLDQLPDYMKLIYKTVLEVYDEIEEEMIKQGTSYRTAYGIEAIKSLTRNYFMEAEWREKKYTPTTDEHMRLALKTCGYTSLIIISFLGMGEVVKREAFDWVLSEPDFVKASLTINRLVDDIVGHEDEQKRNHVWSSVECYVQESKTSREDAVYELNSRVESTWKDLNEGFLKPTKFPSPLLYRVLNYSRVIEVMYTKGDWYTNVGPEMQDYIRQLLIDPVNVE,0
32,"ldtps5_I315L,I316L",MDLAKQISVVDSSLQDVTRNITRPLANFHPNVWGDRFLLNNSDQVQLKMNALDKEEAIEKLKEGVRRKLKEASNDYMRLIQMVDAIQRLGFAYHFEEEIDQALQCLFERHHEYCKDNHDLYANSLSFRLLRQQGYRVSCEIFEKFKDVKGNFMLPNNGEVMGVLEFYEATHLRVHGEDLLDHDFVLSREYLESVLPSLTNPLAEQVDHALHQHSNRRGLSRLEARHYMPVYEQYASHDQYLLKLAKLDFNMLQSLHKEELSELSRWWKGIDVARNLPYARDRIVETYFWILGVYFEPEYAAARKILVKVQSLFSLLDDTFDAYGTFEELQIFTQALERWSISCLDQLPDYMKLIYKTVLEVYDEIEEEMIKQGTSYRTAYGIEAIKSLTRNYFMEAEWREKKYTPTTDEHMRLALKTCGYTSLIIISFLGMGEVVKREAFDWVLSEPDFVKASLTINRLVDDIVGHEDEQKRNHVVSSVECYVQESKTSREDAVYELNSRVESTWKDLNEGFLKPTKFPSPLLYRVLNYSRVIEVMYTKGDWYTNVGPEMQDYIRQLLIDPVNVE,0
33,"ldtps5_I290V,I316L,V434C,N457C",MDLAKQISVVDSSLQDVTRNITRPLANFHPNVWGDRFLLNNSDQVQLKMNALDKEEAIEKLKEGVRRKLKEASNDYMRLIQMVDAIQRLGFAYHFEEEIDQALQCLFERHHEYCKDNHDLYANSLSFRLLRQQGYRVSCEIFEKFKDVKGNFMLPNNGEVMGVLEFYEATHLRVHGEDLLDHDFVLSREYLESVLPSLTNPLAEQVDHALHQHSNRRGLSRLEARHYMPVYEQYASHDQYLLKLAKLDFNMLQSLHKEELSELSRWWKGIDVARNLPYARDRIVETYFWVLGVYFEPEYAAARKILVKVQSLFSILDDTFDAYGTFEELQIFTQALERWSISCLDQLPDYMKLIYKTVLEVYDEIEEEMIKQGTSYRTAYGIEAIKSLTRNYFMEAEWREKKYTPTTDEHMRLALKTCGYTSLIIISFLGMGECVKREAFDWVLSEPDFVKASLTICRLVDDIVGHEDEQKRNHVVSSVECYVQESKTSREDAVYELNSRVESTWKDLNEGFLKPTKFPSPLLYRVLNYSRVIEVMYTKGDWYTNVGPEMQDYIRQLLIDPVNVE,1
34,"ldtps5_I290V,S311A,I316L,V434C,D468F",MDLAKQISVVDSSLQDVTRNITRPLANFHPNVWGDRFLLNNSDQVQLKMNALDKEEAIEKLKEGVRRKLKEASNDYMRLIQMVDAIQRLGFAYHFEEEIDQALQCLFERHHEYCKDNHDLYANSLSFRLLRQQGYRVSCEIFEKFKDVKGNFMLPNNGEVMGVLEFYEATHLRVHGEDLLDHDFVLSREYLESVLPSLTNPLAEQVDHALHQHSNRRGLSRLEARHYMPVYEQYASHDQYLLKLAKLDFNMLQSLHKEELSELSRWWKGIDVARNLPYARDRIVETYFWVLGVYFEPEYAAARKILVKVQALFSILDDTFDAYGTFEELQIFTQALERWSISCLDQLPDYMKLIYKTVLEVYDEIEEEMIKQGTSYRTAYGIEAIKSLTRNYFMEAEWREKKYTPTTDEHMRLALKTCGYTSLIIISFLGMGECVKREAFDWVLSEPDFVKASLTINRLVDDIVGHEFEQKRNHVVSSVECYVQESKTSREDAVYELNSRVESTWKDLNEGFLKPTKFPSPLLYRVLNYSRVIEVMYTKGDWYTNVGPEMQDYIRQLLIDPVNVE,1
35,"ldtps5_I290V,I315L,V434C,D468F,Y553C",MDLAKQISVVDSSLQDVTRNITRPLANFHPNVWGDRFLLNNSDQVQLKMNALDKEEAIEKLKEGVRRKLKEASNDYMRLIQMVDAIQRLGFAYHFEEEIDQALQCLFERHHEYCKDNHDLYANSLSFRLLRQQGYRVSCEIFEKFKDVKGNFMLPNNGEVMGVLEFYEATHLRVHGEDLLDHDFVLSREYLESVLPSLTNPLAEQVDHALHQHSNRRGLSRLEARHYMPVYEQYASHDQYLLKLAKLDFNMLQSLHKEELSELSRWWKGIDVARNLPYARDRIVETYFWVLGVYFEPEYAAARKILVKVQSLFSLIDDTFDAYGTFEELQIFTQALERWSISCLDQLPDYMKLIYKTVLEVYDEIEEEMIKQGTSYRTAYGIEAIKSLTRNYFMEAEWREKKYTPTTDEHMRLALKTCGYTSLIIISFLGMGECVKREAFDWVLSEPDFVKASLTINRLVDDIVGHEFEQKRNHVVSSVECYVQESKTSREDAVYELNSRVESTWKDLNEGFLKPTKFPSPLLYRVLNYSRVIEVMYTKGDWYTNVGPEMQDCIRQLLIDPVNVE,0
36,"ldtps5_I290V,S311A,I385C,V434C,D468F",MDLAKQISVVDSSLQDVTRNITRPLANFHPNVWGDRFLLNNSDQVQLKMNALDKEEAIEKLKEGVRRKLKEASNDYMRLIQMVDAIQRLGFAYHFEEEIDQALQCLFERHHEYCKDNHDLYANSLSFRLLRQQGYRVSCEIFEKFKDVKGNFMLPNNGEVMGVLEFYEATHLRVHGEDLLDHDFVLSREYLESVLPSLTNPLAEQVDHALHQHSNRRGLSRLEARHYMPVYEQYASHDQYLLKLAKLDFNMLQSLHKEELSELSRWWKGIDVARNLPYARDRIVETYFWVLGVYFEPEYAAARKILVKVQALFSIIDDTFDAYGTFEELQIFTQALERWSISCLDQLPDYMKLIYKTVLEVYDEIEEEMIKQGTSYRTAYGIEACKSLTRNYFMEAEWREKKYTPTTDEHMRLALKTCGYTSLIIISFLGMGECVKREAFDWVLSEPDFVKASLTINRLVDDIVGHEFEQKRNHVVSSVECYVQESKTSREDAVYELNSRVESTWKDLNEGFLKPTKFPSPLLYRVLNYSRVIEVMYTKGDWYTNVGPEMQDYIRQLLIDPVNVE,1
37,"ldtps5_I290V,S311A,I315L,I385C,V434C,D468F",MDLAKQISVVDSSLQDVTRNITRPLANFHPNVWGDRFLLNNSDQVQLKMNALDKEEAIEKLKEGVRRKLKEASNDYMRLIQMVDAIQRLGFAYHFEEEIDQALQCLFERHHEYCKDNHDLYANSLSFRLLRQQGYRVSCEIFEKFKDVKGNFMLPNNGEVMGVLEFYEATHLRVHGEDLLDHDFVLSREYLESVLPSLTNPLAEQVDHALHQHSNRRGLSRLEARHYMPVYEQYASHDQYLLKLAKLDFNMLQSLHKEELSELSRWWKGIDVARNLPYARDRIVETYFWVLGVYFEPEYAAARKILVKVQALFSLIDDTFDAYGTFEELQIFTQALERWSISCLDQLPDYMKLIYKTVLEVYDEIEEEMIKQGTSYRTAYGIEACKSLTRNYFMEAEWREKKYTPTTDEHMRLALKTCGYTSLIIISFLGMGECVKREAFDWVLSEPDFVKASLTINRLVDDIVGHEFEQKRNHVVSSVECYVQESKTSREDAVYELNSRVESTWKDLNEGFLKPTKFPSPLLYRVLNYSRVIEVMYTKGDWYTNVGPEMQDYIRQLLIDPVNVE,0
38,"ldtps5_I290V,S311A,I316L,I385C,V476W,Y553C",MDLAKQISVVDSSLQDVTRNITRPLANFHPNVWGDRFLLNNSDQVQLKMNALDKEEAIEKLKEGVRRKLKEASNDYMRLIQMVDAIQRLGFAYHFEEEIDQALQCLFERHHEYCKDNHDLYANSLSFRLLRQQGYRVSCEIFEKFKDVKGNFMLPNNGEVMGVLEFYEATHLRVHGEDLLDHDFVLSREYLESVLPSLTNPLAEQVDHALHQHSNRRGLSRLEARHYMPVYEQYASHDQYLLKLAKLDFNMLQSLHKEELSELSRWWKGIDVARNLPYARDRIVETYFWVLGVYFEPEYAAARKILVKVQALFSILDDTFDAYGTFEELQIFTQALERWSISCLDQLPDYMKLIYKTVLEVYDEIEEEMIKQGTSYRTAYGIEACKSLTRNYFMEAEWREKKYTPTTDEHMRLALKTCGYTSLIIISFLGMGEVVKREAFDWVLSEPDFVKASLTINRLVDDIVGHEDEQKRNHVWSSVECYVQESKTSREDAVYELNSRVESTWKDLNEGFLKPTKFPSPLLYRVLNYSRVIEVMYTKGDWYTNVGPEMQDCIRQLLIDPVNVE,0
39,"ldtps5_I290V,S311A,I315L,I316L,I385C,V434C,D468F",MDLAKQISVVDSSLQDVTRNITRPLANFHPNVWGDRFLLNNSDQVQLKMNALDKEEAIEKLKEGVRRKLKEASNDYMRLIQMVDAIQRLGFAYHFEEEIDQALQCLFERHHEYCKDNHDLYANSLSFRLLRQQGYRVSCEIFEKFKDVKGNFMLPNNGEVMGVLEFYEATHLRVHGEDLLDHDFVLSREYLESVLPSLTNPLAEQVDHALHQHSNRRGLSRLEARHYMPVYEQYASHDQYLLKLAKLDFNMLQSLHKEELSELSRWWKGIDVARNLPYARDRIVETYFWVLGVYFEPEYAAARKILVKVQALFSLLDDTFDAYGTFEELQIFTQALERWSISCLDQLPDYMKLIYKTVLEVYDEIEEEMIKQGTSYRTAYGIEACKSLTRNYFMEAEWREKKYTPTTDEHMRLALKTCGYTSLIIISFLGMGECVKREAFDWVLSEPDFVKASLTINRLVDDIVGHEFEQKRNHVVSSVECYVQESKTSREDAVYELNSRVESTWKDLNEGFLKPTKFPSPLLYRVLNYSRVIEVMYTKGDWYTNVGPEMQDYIRQLLIDPVNVE,1
40,"ldtps5_I290V,L558I",MDLAKQISVVDSSLQDVTRNITRPLANFHPNVWGDRFLLNNSDQVQLKMNALDKEEAIEKLKEGVRRKLKEASNDYMRLIQMVDAIQRLGFAYHFEEEIDQALQCLFERHHEYCKDNHDLYANSLSFRLLRQQGYRVSCEIFEKFKDVKGNFMLPNNGEVMGVLEFYEATHLRVHGEDLLDHDFVLSREYLESVLPSLTNPLAEQVDHALHQHSNRRGLSRLEARHYMPVYEQYASHDQYLLKLAKLDFNMLQSLHKEELSELSRWWKGIDVARNLPYARDRIVETYFWVLGVYFEPEYAAARKILVKVQSLFSIIDDTFDAYGTFEELQIFTQALERWSISCLDQLPDYMKLIYKTVLEVYDEIEEEMIKQGTSYRTAYGIEAIKSLTRNYFMEAEWREKKYTPTTDEHMRLALKTCGYTSLIIISFLGMGEVVKREAFDWVLSEPDFVKASLTINRLVDDIVGHEDEQKRNHVVSSVECYVQESKTSREDAVYELNSRVESTWKDLNEGFLKPTKFPSPLLYRVLNYSRVIEVMYTKGDWYTNVGPEMQDYIRQLIIDPVNVE,0
41,"ldtps5_I290V,I315L",MDLAKQISVVDSSLQDVTRNITRPLANFHPNVWGDRFLLNNSDQVQLKMNALDKEEAIEKLKEGVRRKLKEASNDYMRLIQMVDAIQRLGFAYHFEEEIDQALQCLFERHHEYCKDNHDLYANSLSFRLLRQQGYRVSCEIFEKFKDVKGNFMLPNNGEVMGVLEFYEATHLRVHGEDLLDHDFVLSREYLESVLPSLTNPLAEQVDHALHQHSNRRGLSRLEARHYMPVYEQYASHDQYLLKLAKLDFNMLQSLHKEELSELSRWWKGIDVARNLPYARDRIVETYFWVLGVYFEPEYAAARKILVKVQSLFSLIDDTFDAYGTFEELQIFTQALERWSISCLDQLPDYMKLIYKTVLEVYDEIEEEMIKQGTSYRTAYGIEAIKSLTRNYFMEAEWREKKYTPTTDEHMRLALKTCGYTSLIIISFLGMGEVVKREAFDWVLSEPDFVKASLTINRLVDDIVGHEDEQKRNHVVSSVECYVQESKTSREDAVYELNSRVESTWKDLNEGFLKPTKFPSPLLYRVLNYSRVIEVMYTKGDWYTNVGPEMQDYIRQLLIDPVNVE,0
42,"ldtps5_I316L,L558I",MDLAKQISVVDSSLQDVTRNITRPLANFHPNVWGDRFLLNNSDQVQLKMNALDKEEAIEKLKEGVRRKLKEASNDYMRLIQMVDAIQRLGFAYHFEEEIDQALQCLFERHHEYCKDNHDLYANSLSFRLLRQQGYRVSCEIFEKFKDVKGNFMLPNNGEVMGVLEFYEATHLRVHGEDLLDHDFVLSREYLESVLPSLTNPLAEQVDHALHQHSNRRGLSRLEARHYMPVYEQYASHDQYLLKLAKLDFNMLQSLHKEELSELSRWWKGIDVARNLPYARDRIVETYFWILGVYFEPEYAAARKILVKVQSLFSILDDTFDAYGTFEELQIFTQALERWSISCLDQLPDYMKLIYKTVLEVYDEIEEEMIKQGTSYRTAYGIEAIKSLTRNYFMEAEWREKKYTPTTDEHMRLALKTCGYTSLIIISFLGMGEVVKREAFDWVLSEPDFVKASLTINRLVDDIVGHEDEQKRNHVVSSVECYVQESKTSREDAVYELNSRVESTWKDLNEGFLKPTKFPSPLLYRVLNYSRVIEVMYTKGDWYTNVGPEMQDYIRQLIIDPVNVE,0
43,"ldtps5_I316L,Y553C",MDLAKQISVVDSSLQDVTRNITRPLANFHPNVWGDRFLLNNSDQVQLKMNALDKEEAIEKLKEGVRRKLKEASNDYMRLIQMVDAIQRLGFAYHFEEEIDQALQCLFERHHEYCKDNHDLYANSLSFRLLRQQGYRVSCEIFEKFKDVKGNFMLPNNGEVMGVLEFYEATHLRVHGEDLLDHDFVLSREYLESVLPSLTNPLAEQVDHALHQHSNRRGLSRLEARHYMPVYEQYASHDQYLLKLAKLDFNMLQSLHKEELSELSRWWKGIDVARNLPYARDRIVETYFWILGVYFEPEYAAARKILVKVQSLFSILDDTFDAYGTFEELQIFTQALERWSISCLDQLPDYMKLIYKTVLEVYDEIEEEMIKQGTSYRTAYGIEAIKSLTRNYFMEAEWREKKYTPTTDEHMRLALKTCGYTSLIIISFLGMGEVVKREAFDWVLSEPDFVKASLTINRLVDDIVGHEDEQKRNHVVSSVECYVQESKTSREDAVYELNSRVESTWKDLNEGFLKPTKFPSPLLYRVLNYSRVIEVMYTKGDWYTNVGPEMQDCIRQLLIDPVNVE,0
44,"ldtps5_I316L,D468F,Y553C",MDLAKQISVVDSSLQDVTRNITRPLANFHPNVWGDRFLLNNSDQVQLKMNALDKEEAIEKLKEGVRRKLKEASNDYMRLIQMVDAIQRLGFAYHFEEEIDQALQCLFERHHEYCKDNHDLYANSLSFRLLRQQGYRVSCEIFEKFKDVKGNFMLPNNGEVMGVLEFYEATHLRVHGEDLLDHDFVLSREYLESVLPSLTNPLAEQVDHALHQHSNRRGLSRLEARHYMPVYEQYASHDQYLLKLAKLDFNMLQSLHKEELSELSRWWKGIDVARNLPYARDRIVETYFWILGVYFEPEYAAARKILVKVQSLFSILDDTFDAYGTFEELQIFTQALERWSISCLDQLPDYMKLIYKTVLEVYDEIEEEMIKQGTSYRTAYGIEAIKSLTRNYFMEAEWREKKYTPTTDEHMRLALKTCGYTSLIIISFLGMGEVVKREAFDWVLSEPDFVKASLTINRLVDDIVGHEFEQKRNHVVSSVECYVQESKTSREDAVYELNSRVESTWKDLNEGFLKPTKFPSPLLYRVLNYSRVIEVMYTKGDWYTNVGPEMQDCIRQLLIDPVNVE,0
45,"ldtps5_D468F,Y553C,L558I",MDLAKQISVVDSSLQDVTRNITRPLANFHPNVWGDRFLLNNSDQVQLKMNALDKEEAIEKLKEGVRRKLKEASNDYMRLIQMVDAIQRLGFAYHFEEEIDQALQCLFERHHEYCKDNHDLYANSLSFRLLRQQGYRVSCEIFEKFKDVKGNFMLPNNGEVMGVLEFYEATHLRVHGEDLLDHDFVLSREYLESVLPSLTNPLAEQVDHALHQHSNRRGLSRLEARHYMPVYEQYASHDQYLLKLAKLDFNMLQSLHKEELSELSRWWKGIDVARNLPYARDRIVETYFWILGVYFEPEYAAARKILVKVQSLFSIIDDTFDAYGTFEELQIFTQALERWSISCLDQLPDYMKLIYKTVLEVYDEIEEEMIKQGTSYRTAYGIEAIKSLTRNYFMEAEWREKKYTPTTDEHMRLALKTCGYTSLIIISFLGMGEVVKREAFDWVLSEPDFVKASLTINRLVDDIVGHEFEQKRNHVVSSVECYVQESKTSREDAVYELNSRVESTWKDLNEGFLKPTKFPSPLLYRVLNYSRVIEVMYTKGDWYTNVGPEMQDCIRQLIIDPVNVE,0
46,"ldtps5_S311A,I316L,I385C,D468F",MDLAKQISVVDSSLQDVTRNITRPLANFHPNVWGDRFLLNNSDQVQLKMNALDKEEAIEKLKEGVRRKLKEASNDYMRLIQMVDAIQRLGFAYHFEEEIDQALQCLFERHHEYCKDNHDLYANSLSFRLLRQQGYRVSCEIFEKFKDVKGNFMLPNNGEVMGVLEFYEATHLRVHGEDLLDHDFVLSREYLESVLPSLTNPLAEQVDHALHQHSNRRGLSRLEARHYMPVYEQYASHDQYLLKLAKLDFNMLQSLHKEELSELSRWWKGIDVARNLPYARDRIVETYFWILGVYFEPEYAAARKILVKVQALFSILDDTFDAYGTFEELQIFTQALERWSISCLDQLPDYMKLIYKTVLEVYDEIEEEMIKQGTSYRTAYGIEACKSLTRNYFMEAEWREKKYTPTTDEHMRLALKTCGYTSLIIISFLGMGEVVKREAFDWVLSEPDFVKASLTINRLVDDIVGHEFEQKRNHVVSSVECYVQESKTSREDAVYELNSRVESTWKDLNEGFLKPTKFPSPLLYRVLNYSRVIEVMYTKGDWYTNVGPEMQDYIRQLLIDPVNVE,0
47,"ldtps5_I315L,I385C,V476W,L558I",MDLAKQISVVDSSLQDVTRNITRPLANFHPNVWGDRFLLNNSDQVQLKMNALDKEEAIEKLKEGVRRKLKEASNDYMRLIQMVDAIQRLGFAYHFEEEIDQALQCLFERHHEYCKDNHDLYANSLSFRLLRQQGYRVSCEIFEKFKDVKGNFMLPNNGEVMGVLEFYEATHLRVHGEDLLDHDFVLSREYLESVLPSLTNPLAEQVDHALHQHSNRRGLSRLEARHYMPVYEQYASHDQYLLKLAKLDFNMLQSLHKEELSELSRWWKGIDVARNLPYARDRIVETYFWILGVYFEPEYAAARKILVKVQSLFSLIDDTFDAYGTFEELQIFTQALERWSISCLDQLPDYMKLIYKTVLEVYDEIEEEMIKQGTSYRTAYGIEACKSLTRNYFMEAEWREKKYTPTTDEHMRLALKTCGYTSLIIISFLGMGEVVKREAFDWVLSEPDFVKASLTINRLVDDIVGHEDEQKRNHVWSSVECYVQESKTSREDAVYELNSRVESTWKDLNEGFLKPTKFPSPLLYRVLNYSRVIEVMYTKGDWYTNVGPEMQDYIRQLIIDPVNVE,0
48,"ldtps5_I316L,V434C,V476W,L558I",MDLAKQISVVDSSLQDVTRNITRPLANFHPNVWGDRFLLNNSDQVQLKMNALDKEEAIEKLKEGVRRKLKEASNDYMRLIQMVDAIQRLGFAYHFEEEIDQALQCLFERHHEYCKDNHDLYANSLSFRLLRQQGYRVSCEIFEKFKDVKGNFMLPNNGEVMGVLEFYEATHLRVHGEDLLDHDFVLSREYLESVLPSLTNPLAEQVDHALHQHSNRRGLSRLEARHYMPVYEQYASHDQYLLKLAKLDFNMLQSLHKEELSELSRWWKGIDVARNLPYARDRIVETYFWILGVYFEPEYAAARKILVKVQSLFSILDDTFDAYGTFEELQIFTQALERWSISCLDQLPDYMKLIYKTVLEVYDEIEEEMIKQGTSYRTAYGIEAIKSLTRNYFMEAEWREKKYTPTTDEHMRLALKTCGYTSLIIISFLGMGECVKREAFDWVLSEPDFVKASLTINRLVDDIVGHEDEQKRNHVWSSVECYVQESKTSREDAVYELNSRVESTWKDLNEGFLKPTKFPSPLLYRVLNYSRVIEVMYTKGDWYTNVGPEMQDYIRQLIIDPVNVE,0
49,"ldtps5_I290V,S311A,I315L,Y553C",MDLAKQISVVDSSLQDVTRNITRPLANFHPNVWGDRFLLNNSDQVQLKMNALDKEEAIEKLKEGVRRKLKEASNDYMRLIQMVDAIQRLGFAYHFEEEIDQALQCLFERHHEYCKDNHDLYANSLSFRLLRQQGYRVSCEIFEKFKDVKGNFMLPNNGEVMGVLEFYEATHLRVHGEDLLDHDFVLSREYLESVLPSLTNPLAEQVDHALHQHSNRRGLSRLEARHYMPVYEQYASHDQYLLKLAKLDFNMLQSLHKEELSELSRWWKGIDVARNLPYARDRIVETYFWVLGVYFEPEYAAARKILVKVQALFSLIDDTFDAYGTFEELQIFTQALERWSISCLDQLPDYMKLIYKTVLEVYDEIEEEMIKQGTSYRTAYGIEAIKSLTRNYFMEAEWREKKYTPTTDEHMRLALKTCGYTSLIIISFLGMGEVVKREAFDWVLSEPDFVKASLTINRLVDDIVGHEDEQKRNHVVSSVECYVQESKTSREDAVYELNSRVESTWKDLNEGFLKPTKFPSPLLYRVLNYSRVIEVMYTKGDWYTNVGPEMQDCIRQLLIDPVNVE,0
50,"ldtps5_I385C,V434C,V476W,L558I",MDLAKQISVVDSSLQDVTRNITRPLANFHPNVWGDRFLLNNSDQVQLKMNALDKEEAIEKLKEGVRRKLKEASNDYMRLIQMVDAIQRLGFAYHFEEEIDQALQCLFERHHEYCKDNHDLYANSLSFRLLRQQGYRVSCEIFEKFKDVKGNFMLPNNGEVMGVLEFYEATHLRVHGEDLLDHDFVLSREYLESVLPSLTNPLAEQVDHALHQHSNRRGLSRLEARHYMPVYEQYASHDQYLLKLAKLDFNMLQSLHKEELSELSRWWKGIDVARNLPYARDRIVETYFWILGVYFEPEYAAARKILVKVQSLFSIIDDTFDAYGTFEELQIFTQALERWSISCLDQLPDYMKLIYKTVLEVYDEIEEEMIKQGTSYRTAYGIEACKSLTRNYFMEAEWREKKYTPTTDEHMRLALKTCGYTSLIIISFLGMGECVKREAFDWVLSEPDFVKASLTINRLVDDIVGHEDEQKRNHVWSSVECYVQESKTSREDAVYELNSRVESTWKDLNEGFLKPTKFPSPLLYRVLNYSRVIEVMYTKGDWYTNVGPEMQDYIRQLIIDPVNVE,0
51,"ldtps5_S311A,D468F,V476W,Y553C,L558I",MDLAKQISVVDSSLQDVTRNITRPLANFHPNVWGDRFLLNNSDQVQLKMNALDKEEAIEKLKEGVRRKLKEASNDYMRLIQMVDAIQRLGFAYHFEEEIDQALQCLFERHHEYCKDNHDLYANSLSFRLLRQQGYRVSCEIFEKFKDVKGNFMLPNNGEVMGVLEFYEATHLRVHGEDLLDHDFVLSREYLESVLPSLTNPLAEQVDHALHQHSNRRGLSRLEARHYMPVYEQYASHDQYLLKLAKLDFNMLQSLHKEELSELSRWWKGIDVARNLPYARDRIVETYFWILGVYFEPEYAAARKILVKVQALFSIIDDTFDAYGTFEELQIFTQALERWSISCLDQLPDYMKLIYKTVLEVYDEIEEEMIKQGTSYRTAYGIEAIKSLTRNYFMEAEWREKKYTPTTDEHMRLALKTCGYTSLIIISFLGMGEVVKREAFDWVLSEPDFVKASLTINRLVDDIVGHEFEQKRNHVWSSVECYVQESKTSREDAVYELNSRVESTWKDLNEGFLKPTKFPSPLLYRVLNYSRVIEVMYTKGDWYTNVGPEMQDCIRQLIIDPVNVE,0
52,"ldtps5_S311A,I315L,I316L,V476W,L558I",MDLAKQISVVDSSLQDVTRNITRPLANFHPNVWGDRFLLNNSDQVQLKMNALDKEEAIEKLKEGVRRKLKEASNDYMRLIQMVDAIQRLGFAYHFEEEIDQALQCLFERHHEYCKDNHDLYANSLSFRLLRQQGYRVSCEIFEKFKDVKGNFMLPNNGEVMGVLEFYEATHLRVHGEDLLDHDFVLSREYLESVLPSLTNPLAEQVDHALHQHSNRRGLSRLEARHYMPVYEQYASHDQYLLKLAKLDFNMLQSLHKEELSELSRWWKGIDVARNLPYARDRIVETYFWILGVYFEPEYAAARKILVKVQALFSLLDDTFDAYGTFEELQIFTQALERWSISCLDQLPDYMKLIYKTVLEVYDEIEEEMIKQGTSYRTAYGIEAIKSLTRNYFMEAEWREKKYTPTTDEHMRLALKTCGYTSLIIISFLGMGEVVKREAFDWVLSEPDFVKASLTINRLVDDIVGHEDEQKRNHVWSSVECYVQESKTSREDAVYELNSRVESTWKDLNEGFLKPTKFPSPLLYRVLNYSRVIEVMYTKGDWYTNVGPEMQDYIRQLIIDPVNVE,0
53,"ldtps5_I290V,S311A,I385C,V476W,L558I",MDLAKQISVVDSSLQDVTRNITRPLANFHPNVWGDRFLLNNSDQVQLKMNALDKEEAIEKLKEGVRRKLKEASNDYMRLIQMVDAIQRLGFAYHFEEEIDQALQCLFERHHEYCKDNHDLYANSLSFRLLRQQGYRVSCEIFEKFKDVKGNFMLPNNGEVMGVLEFYEATHLRVHGEDLLDHDFVLSREYLESVLPSLTNPLAEQVDHALHQHSNRRGLSRLEARHYMPVYEQYASHDQYLLKLAKLDFNMLQSLHKEELSELSRWWKGIDVARNLPYARDRIVETYFWVLGVYFEPEYAAARKILVKVQALFSIIDDTFDAYGTFEELQIFTQALERWSISCLDQLPDYMKLIYKTVLEVYDEIEEEMIKQGTSYRTAYGIEACKSLTRNYFMEAEWREKKYTPTTDEHMRLALKTCGYTSLIIISFLGMGEVVKREAFDWVLSEPDFVKASLTINRLVDDIVGHEDEQKRNHVWSSVECYVQESKTSREDAVYELNSRVESTWKDLNEGFLKPTKFPSPLLYRVLNYSRVIEVMYTKGDWYTNVGPEMQDYIRQLIIDPVNVE,0
54,"ldtps5_I290V,I315L,V434C,D468F,V476W,L558I",MDLAKQISVVDSSLQDVTRNITRPLANFHPNVWGDRFLLNNSDQVQLKMNALDKEEAIEKLKEGVRRKLKEASNDYMRLIQMVDAIQRLGFAYHFEEEIDQALQCLFERHHEYCKDNHDLYANSLSFRLLRQQGYRVSCEIFEKFKDVKGNFMLPNNGEVMGVLEFYEATHLRVHGEDLLDHDFVLSREYLESVLPSLTNPLAEQVDHALHQHSNRRGLSRLEARHYMPVYEQYASHDQYLLKLAKLDFNMLQSLHKEELSELSRWWKGIDVARNLPYARDRIVETYFWVLGVYFEPEYAAARKILVKVQSLFSLIDDTFDAYGTFEELQIFTQALERWSISCLDQLPDYMKLIYKTVLEVYDEIEEEMIKQGTSYRTAYGIEAIKSLTRNYFMEAEWREKKYTPTTDEHMRLALKTCGYTSLIIISFLGMGECVKREAFDWVLSEPDFVKASLTINRLVDDIVGHEFEQKRNHVWSSVECYVQESKTSREDAVYELNSRVESTWKDLNEGFLKPTKFPSPLLYRVLNYSRVIEVMYTKGDWYTNVGPEMQDYIRQLIIDPVNVE,0
55,"ldtps5_I290V,S311A,I315L,I316L,D468F,V476W",MDLAKQISVVDSSLQDVTRNITRPLANFHPNVWGDRFLLNNSDQVQLKMNALDKEEAIEKLKEGVRRKLKEASNDYMRLIQMVDAIQRLGFAYHFEEEIDQALQCLFERHHEYCKDNHDLYANSLSFRLLRQQGYRVSCEIFEKFKDVKGNFMLPNNGEVMGVLEFYEATHLRVHGEDLLDHDFVLSREYLESVLPSLTNPLAEQVDHALHQHSNRRGLSRLEARHYMPVYEQYASHDQYLLKLAKLDFNMLQSLHKEELSELSRWWKGIDVARNLPYARDRIVETYFWVLGVYFEPEYAAARKILVKVQALFSLLDDTFDAYGTFEELQIFTQALERWSISCLDQLPDYMKLIYKTVLEVYDEIEEEMIKQGTSYRTAYGIEAIKSLTRNYFMEAEWREKKYTPTTDEHMRLALKTCGYTSLIIISFLGMGEVVKREAFDWVLSEPDFVKASLTINRLVDDIVGHEFEQKRNHVWSSVECYVQESKTSREDAVYELNSRVESTWKDLNEGFLKPTKFPSPLLYRVLNYSRVIEVMYTKGDWYTNVGPEMQDYIRQLLIDPVNVE,0
56,"ldtps5_I290V,I316L,N457C",MDLAKQISVVDSSLQDVTRNITRPLANFHPNVWGDRFLLNNSDQVQLKMNALDKEEAIEKLKEGVRRKLKEASNDYMRLIQMVDAIQRLGFAYHFEEEIDQALQCLFERHHEYCKDNHDLYANSLSFRLLRQQGYRVSCEIFEKFKDVKGNFMLPNNGEVMGVLEFYEATHLRVHGEDLLDHDFVLSREYLESVLPSLTNPLAEQVDHALHQHSNRRGLSRLEARHYMPVYEQYASHDQYLLKLAKLDFNMLQSLHKEELSELSRWWKGIDVARNLPYARDRIVETYFWVLGVYFEPEYAAARKILVKVQSLFSILDDTFDAYGTFEELQIFTQALERWSISCLDQLPDYMKLIYKTVLEVYDEIEEEMIKQGTSYRTAYGIEAIKSLTRNYFMEAEWREKKYTPTTDEHMRLALKTCGYTSLIIISFLGMGEVVKREAFDWVLSEPDFVKASLTICRLVDDIVGHEDEQKRNHVVSSVECYVQESKTSREDAVYELNSRVESTWKDLNEGFLKPTKFPSPLLYRVLNYSRVIEVMYTKGDWYTNVGPEMQDYIRQLLIDPVNVE,0
57,"ldtps5_I290V,I316L,V434C,L454C,N457C,D468F",MDLAKQISVVDSSLQDVTRNITRPLANFHPNVWGDRFLLNNSDQVQLKMNALDKEEAIEKLKEGVRRKLKEASNDYMRLIQMVDAIQRLGFAYHFEEEIDQALQCLFERHHEYCKDNHDLYANSLSFRLLRQQGYRVSCEIFEKFKDVKGNFMLPNNGEVMGVLEFYEATHLRVHGEDLLDHDFVLSREYLESVLPSLTNPLAEQVDHALHQHSNRRGLSRLEARHYMPVYEQYASHDQYLLKLAKLDFNMLQSLHKEELSELSRWWKGIDVARNLPYARDRIVETYFWVLGVYFEPEYAAARKILVKVQSLFSILDDTFDAYGTFEELQIFTQALERWSISCLDQLPDYMKLIYKTVLEVYDEIEEEMIKQGTSYRTAYGIEAIKSLTRNYFMEAEWREKKYTPTTDEHMRLALKTCGYTSLIIISFLGMGECVKREAFDWVLSEPDFVKASCTICRLVDDIVGHEFEQKRNHVVSSVECYVQESKTSREDAVYELNSRVESTWKDLNEGFLKPTKFPSPLLYRVLNYSRVIEVMYTKGDWYTNVGPEMQDYIRQLLIDPVNVE,1
58,"ldtps5_I290V,S311A,V434C,N457C,D468F",MDLAKQISVVDSSLQDVTRNITRPLANFHPNVWGDRFLLNNSDQVQLKMNALDKEEAIEKLKEGVRRKLKEASNDYMRLIQMVDAIQRLGFAYHFEEEIDQALQCLFERHHEYCKDNHDLYANSLSFRLLRQQGYRVSCEIFEKFKDVKGNFMLPNNGEVMGVLEFYEATHLRVHGEDLLDHDFVLSREYLESVLPSLTNPLAEQVDHALHQHSNRRGLSRLEARHYMPVYEQYASHDQYLLKLAKLDFNMLQSLHKEELSELSRWWKGIDVARNLPYARDRIVETYFWVLGVYFEPEYAAARKILVKVQALFSIIDDTFDAYGTFEELQIFTQALERWSISCLDQLPDYMKLIYKTVLEVYDEIEEEMIKQGTSYRTAYGIEAIKSLTRNYFMEAEWREKKYTPTTDEHMRLALKTCGYTSLIIISFLGMGECVKREAFDWVLSEPDFVKASLTICRLVDDIVGHEFEQKRNHVVSSVECYVQESKTSREDAVYELNSRVESTWKDLNEGFLKPTKFPSPLLYRVLNYSRVIEVMYTKGDWYTNVGPEMQDYIRQLLIDPVNVE,1
59,"ldtps5_I290V,I315L,I316L,L454C,N457C",MDLAKQISVVDSSLQDVTRNITRPLANFHPNVWGDRFLLNNSDQVQLKMNALDKEEAIEKLKEGVRRKLKEASNDYMRLIQMVDAIQRLGFAYHFEEEIDQALQCLFERHHEYCKDNHDLYANSLSFRLLRQQGYRVSCEIFEKFKDVKGNFMLPNNGEVMGVLEFYEATHLRVHGEDLLDHDFVLSREYLESVLPSLTNPLAEQVDHALHQHSNRRGLSRLEARHYMPVYEQYASHDQYLLKLAKLDFNMLQSLHKEELSELSRWWKGIDVARNLPYARDRIVETYFWVLGVYFEPEYAAARKILVKVQSLFSLLDDTFDAYGTFEELQIFTQALERWSISCLDQLPDYMKLIYKTVLEVYDEIEEEMIKQGTSYRTAYGIEAIKSLTRNYFMEAEWREKKYTPTTDEHMRLALKTCGYTSLIIISFLGMGEVVKREAFDWVLSEPDFVKASCTICRLVDDIVGHEDEQKRNHVVSSVECYVQESKTSREDAVYELNSRVESTWKDLNEGFLKPTKFPSPLLYRVLNYSRVIEVMYTKGDWYTNVGPEMQDYIRQLLIDPVNVE,0
60,"ldtps5_I290V,I316L,V476W",MDLAKQISVVDSSLQDVTRNITRPLANFHPNVWGDRFLLNNSDQVQLKMNALDKEEAIEKLKEGVRRKLKEASNDYMRLIQMVDAIQRLGFAYHFEEEIDQALQCLFERHHEYCKDNHDLYANSLSFRLLRQQGYRVSCEIFEKFKDVKGNFMLPNNGEVMGVLEFYEATHLRVHGEDLLDHDFVLSREYLESVLPSLTNPLAEQVDHALHQHSNRRGLSRLEARHYMPVYEQYASHDQYLLKLAKLDFNMLQSLHKEELSELSRWWKGIDVARNLPYARDRIVETYFWVLGVYFEPEYAAARKILVKVQSLFSILDDTFDAYGTFEELQIFTQALERWSISCLDQLPDYMKLIYKTVLEVYDEIEEEMIKQGTSYRTAYGIEAIKSLTRNYFMEAEWREKKYTPTTDEHMRLALKTCGYTSLIIISFLGMGEVVKREAFDWVLSEPDFVKASLTINRLVDDIVGHEDEQKRNHVWSSVECYVQESKTSREDAVYELNSRVESTWKDLNEGFLKPTKFPSPLLYRVLNYSRVIEVMYTKGDWYTNVGPEMQDYIRQLLIDPVNVE,0
61,"ldtps5_I290V,N457C,V476W",MDLAKQISVVDSSLQDVTRNITRPLANFHPNVWGDRFLLNNSDQVQLKMNALDKEEAIEKLKEGVRRKLKEASNDYMRLIQMVDAIQRLGFAYHFEEEIDQALQCLFERHHEYCKDNHDLYANSLSFRLLRQQGYRVSCEIFEKFKDVKGNFMLPNNGEVMGVLEFYEATHLRVHGEDLLDHDFVLSREYLESVLPSLTNPLAEQVDHALHQHSNRRGLSRLEARHYMPVYEQYASHDQYLLKLAKLDFNMLQSLHKEELSELSRWWKGIDVARNLPYARDRIVETYFWVLGVYFEPEYAAARKILVKVQSLFSIIDDTFDAYGTFEELQIFTQALERWSISCLDQLPDYMKLIYKTVLEVYDEIEEEMIKQGTSYRTAYGIEAIKSLTRNYFMEAEWREKKYTPTTDEHMRLALKTCGYTSLIIISFLGMGEVVKREAFDWVLSEPDFVKASLTICRLVDDIVGHEDEQKRNHVWSSVECYVQESKTSREDAVYELNSRVESTWKDLNEGFLKPTKFPSPLLYRVLNYSRVIEVMYTKGDWYTNVGPEMQDYIRQLLIDPVNVE,0
62,"ldtps5_I290V,I385C,L454C,V476W",MDLAKQISVVDSSLQDVTRNITRPLANFHPNVWGDRFLLNNSDQVQLKMNALDKEEAIEKLKEGVRRKLKEASNDYMRLIQMVDAIQRLGFAYHFEEEIDQALQCLFERHHEYCKDNHDLYANSLSFRLLRQQGYRVSCEIFEKFKDVKGNFMLPNNGEVMGVLEFYEATHLRVHGEDLLDHDFVLSREYLESVLPSLTNPLAEQVDHALHQHSNRRGLSRLEARHYMPVYEQYASHDQYLLKLAKLDFNMLQSLHKEELSELSRWWKGIDVARNLPYARDRIVETYFWVLGVYFEPEYAAARKILVKVQSLFSIIDDTFDAYGTFEELQIFTQALERWSISCLDQLPDYMKLIYKTVLEVYDEIEEEMIKQGTSYRTAYGIEACKSLTRNYFMEAEWREKKYTPTTDEHMRLALKTCGYTSLIIISFLGMGEVVKREAFDWVLSEPDFVKASCTINRLVDDIVGHEDEQKRNHVWSSVECYVQESKTSREDAVYELNSRVESTWKDLNEGFLKPTKFPSPLLYRVLNYSRVIEVMYTKGDWYTNVGPEMQDYIRQLLIDPVNVE,1
63,"ldtps5_I290V,I316L,V434C,L454C,D468F",MDLAKQISVVDSSLQDVTRNITRPLANFHPNVWGDRFLLNNSDQVQLKMNALDKEEAIEKLKEGVRRKLKEASNDYMRLIQMVDAIQRLGFAYHFEEEIDQALQCLFERHHEYCKDNHDLYANSLSFRLLRQQGYRVSCEIFEKFKDVKGNFMLPNNGEVMGVLEFYEATHLRVHGEDLLDHDFVLSREYLESVLPSLTNPLAEQVDHALHQHSNRRGLSRLEARHYMPVYEQYASHDQYLLKLAKLDFNMLQSLHKEELSELSRWWKGIDVARNLPYARDRIVETYFWVLGVYFEPEYAAARKILVKVQSLFSILDDTFDAYGTFEELQIFTQALERWSISCLDQLPDYMKLIYKTVLEVYDEIEEEMIKQGTSYRTAYGIEAIKSLTRNYFMEAEWREKKYTPTTDEHMRLALKTCGYTSLIIISFLGMGECVKREAFDWVLSEPDFVKASCTINRLVDDIVGHEFEQKRNHVVSSVECYVQESKTSREDAVYELNSRVESTWKDLNEGFLKPTKFPSPLLYRVLNYSRVIEVMYTKGDWYTNVGPEMQDYIRQLLIDPVNVE,0
64,"ldtps5_I290V,S311A,I315L,I385C,D468F",MDLAKQISVVDSSLQDVTRNITRPLANFHPNVWGDRFLLNNSDQVQLKMNALDKEEAIEKLKEGVRRKLKEASNDYMRLIQMVDAIQRLGFAYHFEEEIDQALQCLFERHHEYCKDNHDLYANSLSFRLLRQQGYRVSCEIFEKFKDVKGNFMLPNNGEVMGVLEFYEATHLRVHGEDLLDHDFVLSREYLESVLPSLTNPLAEQVDHALHQHSNRRGLSRLEARHYMPVYEQYASHDQYLLKLAKLDFNMLQSLHKEELSELSRWWKGIDVARNLPYARDRIVETYFWVLGVYFEPEYAAARKILVKVQALFSLIDDTFDAYGTFEELQIFTQALERWSISCLDQLPDYMKLIYKTVLEVYDEIEEEMIKQGTSYRTAYGIEACKSLTRNYFMEAEWREKKYTPTTDEHMRLALKTCGYTSLIIISFLGMGEVVKREAFDWVLSEPDFVKASLTINRLVDDIVGHEFEQKRNHVVSSVECYVQESKTSREDAVYELNSRVESTWKDLNEGFLKPTKFPSPLLYRVLNYSRVIEVMYTKGDWYTNVGPEMQDYIRQLLIDPVNVE,0
65,"ldtps5_I315L,I316L,I385C,V434C,L454C,V476W,Y553C,L558I",MDLAKQISVVDSSLQDVTRNITRPLANFHPNVWGDRFLLNNSDQVQLKMNALDKEEAIEKLKEGVRRKLKEASNDYMRLIQMVDAIQRLGFAYHFEEEIDQALQCLFERHHEYCKDNHDLYANSLSFRLLRQQGYRVSCEIFEKFKDVKGNFMLPNNGEVMGVLEFYEATHLRVHGEDLLDHDFVLSREYLESVLPSLTNPLAEQVDHALHQHSNRRGLSRLEARHYMPVYEQYASHDQYLLKLAKLDFNMLQSLHKEELSELSRWWKGIDVARNLPYARDRIVETYFWILGVYFEPEYAAARKILVKVQSLFSLLDDTFDAYGTFEELQIFTQALERWSISCLDQLPDYMKLIYKTVLEVYDEIEEEMIKQGTSYRTAYGIEACKSLTRNYFMEAEWREKKYTPTTDEHMRLALKTCGYTSLIIISFLGMGECVKREAFDWVLSEPDFVKASCTINRLVDDIVGHEDEQKRNHVWSSVECYVQESKTSREDAVYELNSRVESTWKDLNEGFLKPTKFPSPLLYRVLNYSRVIEVMYTKGDWYTNVGPEMQDCIRQLIIDPVNVE,0
66,"ldtps5_S311A,I315L,I316L,I385C,V434C,L454C,N457C,V476W",MDLAKQISVVDSSLQDVTRNITRPLANFHPNVWGDRFLLNNSDQVQLKMNALDKEEAIEKLKEGVRRKLKEASNDYMRLIQMVDAIQRLGFAYHFEEEIDQALQCLFERHHEYCKDNHDLYANSLSFRLLRQQGYRVSCEIFEKFKDVKGNFMLPNNGEVMGVLEFYEATHLRVHGEDLLDHDFVLSREYLESVLPSLTNPLAEQVDHALHQHSNRRGLSRLEARHYMPVYEQYASHDQYLLKLAKLDFNMLQSLHKEELSELSRWWKGIDVARNLPYARDRIVETYFWILGVYFEPEYAAARKILVKVQALFSLLDDTFDAYGTFEELQIFTQALERWSISCLDQLPDYMKLIYKTVLEVYDEIEEEMIKQGTSYRTAYGIEACKSLTRNYFMEAEWREKKYTPTTDEHMRLALKTCGYTSLIIISFLGMGECVKREAFDWVLSEPDFVKASCTICRLVDDIVGHEDEQKRNHVWSSVECYVQESKTSREDAVYELNSRVESTWKDLNEGFLKPTKFPSPLLYRVLNYSRVIEVMYTKGDWYTNVGPEMQDYIRQLLIDPVNVE,0
67,"ldtps5_I290V,S311A,I315L,I316L,L454C,N457C,D468F,V476W,L558I",MDLAKQISVVDSSLQDVTRNITRPLANFHPNVWGDRFLLNNSDQVQLKMNALDKEEAIEKLKEGVRRKLKEASNDYMRLIQMVDAIQRLGFAYHFEEEIDQALQCLFERHHEYCKDNHDLYANSLSFRLLRQQGYRVSCEIFEKFKDVKGNFMLPNNGEVMGVLEFYEATHLRVHGEDLLDHDFVLSREYLESVLPSLTNPLAEQVDHALHQHSNRRGLSRLEARHYMPVYEQYASHDQYLLKLAKLDFNMLQSLHKEELSELSRWWKGIDVARNLPYARDRIVETYFWVLGVYFEPEYAAARKILVKVQALFSLLDDTFDAYGTFEELQIFTQALERWSISCLDQLPDYMKLIYKTVLEVYDEIEEEMIKQGTSYRTAYGIEAIKSLTRNYFMEAEWREKKYTPTTDEHMRLALKTCGYTSLIIISFLGMGEVVKREAFDWVLSEPDFVKASCTICRLVDDIVGHEFEQKRNHVWSSVECYVQESKTSREDAVYELNSRVESTWKDLNEGFLKPTKFPSPLLYRVLNYSRVIEVMYTKGDWYTNVGPEMQDYIRQLIIDPVNVE,0
68,"ldtps5_I290V,S311A,I315L,I316L,L454C,N457C,V476W,Y553C,L558I",MDLAKQISVVDSSLQDVTRNITRPLANFHPNVWGDRFLLNNSDQVQLKMNALDKEEAIEKLKEGVRRKLKEASNDYMRLIQMVDAIQRLGFAYHFEEEIDQALQCLFERHHEYCKDNHDLYANSLSFRLLRQQGYRVSCEIFEKFKDVKGNFMLPNNGEVMGVLEFYEATHLRVHGEDLLDHDFVLSREYLESVLPSLTNPLAEQVDHALHQHSNRRGLSRLEARHYMPVYEQYASHDQYLLKLAKLDFNMLQSLHKEELSELSRWWKGIDVARNLPYARDRIVETYFWVLGVYFEPEYAAARKILVKVQALFSLLDDTFDAYGTFEELQIFTQALERWSISCLDQLPDYMKLIYKTVLEVYDEIEEEMIKQGTSYRTAYGIEAIKSLTRNYFMEAEWREKKYTPTTDEHMRLALKTCGYTSLIIISFLGMGEVVKREAFDWVLSEPDFVKASCTICRLVDDIVGHEDEQKRNHVWSSVECYVQESKTSREDAVYELNSRVESTWKDLNEGFLKPTKFPSPLLYRVLNYSRVIEVMYTKGDWYTNVGPEMQDCIRQLIIDPVNVE,0
69,"ldtps5_I290V,I315L,I316L,V434C,N457C,Y553C",MDLAKQISVVDSSLQDVTRNITRPLANFHPNVWGDRFLLNNSDQVQLKMNALDKEEAIEKLKEGVRRKLKEASNDYMRLIQMVDAIQRLGFAYHFEEEIDQALQCLFERHHEYCKDNHDLYANSLSFRLLRQQGYRVSCEIFEKFKDVKGNFMLPNNGEVMGVLEFYEATHLRVHGEDLLDHDFVLSREYLESVLPSLTNPLAEQVDHALHQHSNRRGLSRLEARHYMPVYEQYASHDQYLLKLAKLDFNMLQSLHKEELSELSRWWKGIDVARNLPYARDRIVETYFWVLGVYFEPEYAAARKILVKVQSLFSLLDDTFDAYGTFEELQIFTQALERWSISCLDQLPDYMKLIYKTVLEVYDEIEEEMIKQGTSYRTAYGIEAIKSLTRNYFMEAEWREKKYTPTTDEHMRLALKTCGYTSLIIISFLGMGECVKREAFDWVLSEPDFVKASLTICRLVDDIVGHEDEQKRNHVVSSVECYVQESKTSREDAVYELNSRVESTWKDLNEGFLKPTKFPSPLLYRVLNYSRVIEVMYTKGDWYTNVGPEMQDCIRQLLIDPVNVE,0
70,"ldtps5_I290V,I315L,I316L,I385C,L454C,N457C,V476W",MDLAKQISVVDSSLQDVTRNITRPLANFHPNVWGDRFLLNNSDQVQLKMNALDKEEAIEKLKEGVRRKLKEASNDYMRLIQMVDAIQRLGFAYHFEEEIDQALQCLFERHHEYCKDNHDLYANSLSFRLLRQQGYRVSCEIFEKFKDVKGNFMLPNNGEVMGVLEFYEATHLRVHGEDLLDHDFVLSREYLESVLPSLTNPLAEQVDHALHQHSNRRGLSRLEARHYMPVYEQYASHDQYLLKLAKLDFNMLQSLHKEELSELSRWWKGIDVARNLPYARDRIVETYFWVLGVYFEPEYAAARKILVKVQSLFSLLDDTFDAYGTFEELQIFTQALERWSISCLDQLPDYMKLIYKTVLEVYDEIEEEMIKQGTSYRTAYGIEACKSLTRNYFMEAEWREKKYTPTTDEHMRLALKTCGYTSLIIISFLGMGEVVKREAFDWVLSEPDFVKASCTICRLVDDIVGHEDEQKRNHVWSSVECYVQESKTSREDAVYELNSRVESTWKDLNEGFLKPTKFPSPLLYRVLNYSRVIEVMYTKGDWYTNVGPEMQDYIRQLLIDPVNVE,0
71,"ldtps5_I290V,I315L,I316L,V434C,L454C,D468F,Y553C",MDLAKQISVVDSSLQDVTRNITRPLANFHPNVWGDRFLLNNSDQVQLKMNALDKEEAIEKLKEGVRRKLKEASNDYMRLIQMVDAIQRLGFAYHFEEEIDQALQCLFERHHEYCKDNHDLYANSLSFRLLRQQGYRVSCEIFEKFKDVKGNFMLPNNGEVMGVLEFYEATHLRVHGEDLLDHDFVLSREYLESVLPSLTNPLAEQVDHALHQHSNRRGLSRLEARHYMPVYEQYASHDQYLLKLAKLDFNMLQSLHKEELSELSRWWKGIDVARNLPYARDRIVETYFWVLGVYFEPEYAAARKILVKVQSLFSLLDDTFDAYGTFEELQIFTQALERWSISCLDQLPDYMKLIYKTVLEVYDEIEEEMIKQGTSYRTAYGIEAIKSLTRNYFMEAEWREKKYTPTTDEHMRLALKTCGYTSLIIISFLGMGECVKREAFDWVLSEPDFVKASCTINRLVDDIVGHEFEQKRNHVVSSVECYVQESKTSREDAVYELNSRVESTWKDLNEGFLKPTKFPSPLLYRVLNYSRVIEVMYTKGDWYTNVGPEMQDCIRQLLIDPVNVE,1
72,"ldtps5_I290V,I315L,I316L,V434C,L454C,Y553C,L558I",MDLAKQISVVDSSLQDVTRNITRPLANFHPNVWGDRFLLNNSDQVQLKMNALDKEEAIEKLKEGVRRKLKEASNDYMRLIQMVDAIQRLGFAYHFEEEIDQALQCLFERHHEYCKDNHDLYANSLSFRLLRQQGYRVSCEIFEKFKDVKGNFMLPNNGEVMGVLEFYEATHLRVHGEDLLDHDFVLSREYLESVLPSLTNPLAEQVDHALHQHSNRRGLSRLEARHYMPVYEQYASHDQYLLKLAKLDFNMLQSLHKEELSELSRWWKGIDVARNLPYARDRIVETYFWVLGVYFEPEYAAARKILVKVQSLFSLLDDTFDAYGTFEELQIFTQALERWSISCLDQLPDYMKLIYKTVLEVYDEIEEEMIKQGTSYRTAYGIEAIKSLTRNYFMEAEWREKKYTPTTDEHMRLALKTCGYTSLIIISFLGMGECVKREAFDWVLSEPDFVKASCTINRLVDDIVGHEDEQKRNHVVSSVECYVQESKTSREDAVYELNSRVESTWKDLNEGFLKPTKFPSPLLYRVLNYSRVIEVMYTKGDWYTNVGPEMQDCIRQLIIDPVNVE,0
73,"ldtps5_S311A,I315L,I316L,I385C,L454C,V476W,Y553C",MDLAKQISVVDSSLQDVTRNITRPLANFHPNVWGDRFLLNNSDQVQLKMNALDKEEAIEKLKEGVRRKLKEASNDYMRLIQMVDAIQRLGFAYHFEEEIDQALQCLFERHHEYCKDNHDLYANSLSFRLLRQQGYRVSCEIFEKFKDVKGNFMLPNNGEVMGVLEFYEATHLRVHGEDLLDHDFVLSREYLESVLPSLTNPLAEQVDHALHQHSNRRGLSRLEARHYMPVYEQYASHDQYLLKLAKLDFNMLQSLHKEELSELSRWWKGIDVARNLPYARDRIVETYFWILGVYFEPEYAAARKILVKVQALFSLLDDTFDAYGTFEELQIFTQALERWSISCLDQLPDYMKLIYKTVLEVYDEIEEEMIKQGTSYRTAYGIEACKSLTRNYFMEAEWREKKYTPTTDEHMRLALKTCGYTSLIIISFLGMGEVVKREAFDWVLSEPDFVKASCTINRLVDDIVGHEDEQKRNHVWSSVECYVQESKTSREDAVYELNSRVESTWKDLNEGFLKPTKFPSPLLYRVLNYSRVIEVMYTKGDWYTNVGPEMQDCIRQLLIDPVNVE,0
74,"ldtps5_S311A,I315L,I316L,I385C,V434C,L454C,Y553C",MDLAKQISVVDSSLQDVTRNITRPLANFHPNVWGDRFLLNNSDQVQLKMNALDKEEAIEKLKEGVRRKLKEASNDYMRLIQMVDAIQRLGFAYHFEEEIDQALQCLFERHHEYCKDNHDLYANSLSFRLLRQQGYRVSCEIFEKFKDVKGNFMLPNNGEVMGVLEFYEATHLRVHGEDLLDHDFVLSREYLESVLPSLTNPLAEQVDHALHQHSNRRGLSRLEARHYMPVYEQYASHDQYLLKLAKLDFNMLQSLHKEELSELSRWWKGIDVARNLPYARDRIVETYFWILGVYFEPEYAAARKILVKVQALFSLLDDTFDAYGTFEELQIFTQALERWSISCLDQLPDYMKLIYKTVLEVYDEIEEEMIKQGTSYRTAYGIEACKSLTRNYFMEAEWREKKYTPTTDEHMRLALKTCGYTSLIIISFLGMGECVKREAFDWVLSEPDFVKASCTINRLVDDIVGHEDEQKRNHVVSSVECYVQESKTSREDAVYELNSRVESTWKDLNEGFLKPTKFPSPLLYRVLNYSRVIEVMYTKGDWYTNVGPEMQDCIRQLLIDPVNVE,0
75,"ldtps5_S311A,I315L,I316L,I385C,L454C,N457C,Y553C,L558I",MDLAKQISVVDSSLQDVTRNITRPLANFHPNVWGDRFLLNNSDQVQLKMNALDKEEAIEKLKEGVRRKLKEASNDYMRLIQMVDAIQRLGFAYHFEEEIDQALQCLFERHHEYCKDNHDLYANSLSFRLLRQQGYRVSCEIFEKFKDVKGNFMLPNNGEVMGVLEFYEATHLRVHGEDLLDHDFVLSREYLESVLPSLTNPLAEQVDHALHQHSNRRGLSRLEARHYMPVYEQYASHDQYLLKLAKLDFNMLQSLHKEELSELSRWWKGIDVARNLPYARDRIVETYFWILGVYFEPEYAAARKILVKVQALFSLLDDTFDAYGTFEELQIFTQALERWSISCLDQLPDYMKLIYKTVLEVYDEIEEEMIKQGTSYRTAYGIEACKSLTRNYFMEAEWREKKYTPTTDEHMRLALKTCGYTSLIIISFLGMGEVVKREAFDWVLSEPDFVKASCTICRLVDDIVGHEDEQKRNHVVSSVECYVQESKTSREDAVYELNSRVESTWKDLNEGFLKPTKFPSPLLYRVLNYSRVIEVMYTKGDWYTNVGPEMQDCIRQLIIDPVNVE,0
76,"ldtps5_I290V,S311A,I315L,I316L,L454C,D468F,Y553C,L558I",MDLAKQISVVDSSLQDVTRNITRPLANFHPNVWGDRFLLNNSDQVQLKMNALDKEEAIEKLKEGVRRKLKEASNDYMRLIQMVDAIQRLGFAYHFEEEIDQALQCLFERHHEYCKDNHDLYANSLSFRLLRQQGYRVSCEIFEKFKDVKGNFMLPNNGEVMGVLEFYEATHLRVHGEDLLDHDFVLSREYLESVLPSLTNPLAEQVDHALHQHSNRRGLSRLEARHYMPVYEQYASHDQYLLKLAKLDFNMLQSLHKEELSELSRWWKGIDVARNLPYARDRIVETYFWVLGVYFEPEYAAARKILVKVQALFSLLDDTFDAYGTFEELQIFTQALERWSISCLDQLPDYMKLIYKTVLEVYDEIEEEMIKQGTSYRTAYGIEAIKSLTRNYFMEAEWREKKYTPTTDEHMRLALKTCGYTSLIIISFLGMGEVVKREAFDWVLSEPDFVKASCTINRLVDDIVGHEFEQKRNHVVSSVECYVQESKTSREDAVYELNSRVESTWKDLNEGFLKPTKFPSPLLYRVLNYSRVIEVMYTKGDWYTNVGPEMQDCIRQLIIDPVNVE,0
77,"ldtps5_I290V,I315L,I316L,V434C,L454C",MDLAKQISVVDSSLQDVTRNITRPLANFHPNVWGDRFLLNNSDQVQLKMNALDKEEAIEKLKEGVRRKLKEASNDYMRLIQMVDAIQRLGFAYHFEEEIDQALQCLFERHHEYCKDNHDLYANSLSFRLLRQQGYRVSCEIFEKFKDVKGNFMLPNNGEVMGVLEFYEATHLRVHGEDLLDHDFVLSREYLESVLPSLTNPLAEQVDHALHQHSNRRGLSRLEARHYMPVYEQYASHDQYLLKLAKLDFNMLQSLHKEELSELSRWWKGIDVARNLPYARDRIVETYFWVLGVYFEPEYAAARKILVKVQSLFSLLDDTFDAYGTFEELQIFTQALERWSISCLDQLPDYMKLIYKTVLEVYDEIEEEMIKQGTSYRTAYGIEAIKSLTRNYFMEAEWREKKYTPTTDEHMRLALKTCGYTSLIIISFLGMGECVKREAFDWVLSEPDFVKASCTINRLVDDIVGHEDEQKRNHVVSSVECYVQESKTSREDAVYELNSRVESTWKDLNEGFLKPTKFPSPLLYRVLNYSRVIEVMYTKGDWYTNVGPEMQDYIRQLLIDPVNVE,0
78,"ldtps5_I315L,I316L,I385C,N457C,V476W,Y553C",MDLAKQISVVDSSLQDVTRNITRPLANFHPNVWGDRFLLNNSDQVQLKMNALDKEEAIEKLKEGVRRKLKEASNDYMRLIQMVDAIQRLGFAYHFEEEIDQALQCLFERHHEYCKDNHDLYANSLSFRLLRQQGYRVSCEIFEKFKDVKGNFMLPNNGEVMGVLEFYEATHLRVHGEDLLDHDFVLSREYLESVLPSLTNPLAEQVDHALHQHSNRRGLSRLEARHYMPVYEQYASHDQYLLKLAKLDFNMLQSLHKEELSELSRWWKGIDVARNLPYARDRIVETYFWILGVYFEPEYAAARKILVKVQSLFSLLDDTFDAYGTFEELQIFTQALERWSISCLDQLPDYMKLIYKTVLEVYDEIEEEMIKQGTSYRTAYGIEACKSLTRNYFMEAEWREKKYTPTTDEHMRLALKTCGYTSLIIISFLGMGEVVKREAFDWVLSEPDFVKASLTICRLVDDIVGHEDEQKRNHVWSSVECYVQESKTSREDAVYELNSRVESTWKDLNEGFLKPTKFPSPLLYRVLNYSRVIEVMYTKGDWYTNVGPEMQDCIRQLLIDPVNVE,0
79,"ldtps5_I315L,I316L,I385C,L454C,D468F,Y553C,L558I",MDLAKQISVVDSSLQDVTRNITRPLANFHPNVWGDRFLLNNSDQVQLKMNALDKEEAIEKLKEGVRRKLKEASNDYMRLIQMVDAIQRLGFAYHFEEEIDQALQCLFERHHEYCKDNHDLYANSLSFRLLRQQGYRVSCEIFEKFKDVKGNFMLPNNGEVMGVLEFYEATHLRVHGEDLLDHDFVLSREYLESVLPSLTNPLAEQVDHALHQHSNRRGLSRLEARHYMPVYEQYASHDQYLLKLAKLDFNMLQSLHKEELSELSRWWKGIDVARNLPYARDRIVETYFWILGVYFEPEYAAARKILVKVQSLFSLLDDTFDAYGTFEELQIFTQALERWSISCLDQLPDYMKLIYKTVLEVYDEIEEEMIKQGTSYRTAYGIEACKSLTRNYFMEAEWREKKYTPTTDEHMRLALKTCGYTSLIIISFLGMGEVVKREAFDWVLSEPDFVKASCTINRLVDDIVGHEFEQKRNHVVSSVECYVQESKTSREDAVYELNSRVESTWKDLNEGFLKPTKFPSPLLYRVLNYSRVIEVMYTKGDWYTNVGPEMQDCIRQLIIDPVNVE,0
80,"ldtps5_I315L,I316L,V434C,L454C,D468F,V476W,Y553C",MDLAKQISVVDSSLQDVTRNITRPLANFHPNVWGDRFLLNNSDQVQLKMNALDKEEAIEKLKEGVRRKLKEASNDYMRLIQMVDAIQRLGFAYHFEEEIDQALQCLFERHHEYCKDNHDLYANSLSFRLLRQQGYRVSCEIFEKFKDVKGNFMLPNNGEVMGVLEFYEATHLRVHGEDLLDHDFVLSREYLESVLPSLTNPLAEQVDHALHQHSNRRGLSRLEARHYMPVYEQYASHDQYLLKLAKLDFNMLQSLHKEELSELSRWWKGIDVARNLPYARDRIVETYFWILGVYFEPEYAAARKILVKVQSLFSLLDDTFDAYGTFEELQIFTQALERWSISCLDQLPDYMKLIYKTVLEVYDEIEEEMIKQGTSYRTAYGIEAIKSLTRNYFMEAEWREKKYTPTTDEHMRLALKTCGYTSLIIISFLGMGECVKREAFDWVLSEPDFVKASCTINRLVDDIVGHEFEQKRNHVWSSVECYVQESKTSREDAVYELNSRVESTWKDLNEGFLKPTKFPSPLLYRVLNYSRVIEVMYTKGDWYTNVGPEMQDCIRQLLIDPVNVE,0
81,"ldtps5_I290V,I315L,I316L,I385C,L454C",MDLAKQISVVDSSLQDVTRNITRPLANFHPNVWGDRFLLNNSDQVQLKMNALDKEEAIEKLKEGVRRKLKEASNDYMRLIQMVDAIQRLGFAYHFEEEIDQALQCLFERHHEYCKDNHDLYANSLSFRLLRQQGYRVSCEIFEKFKDVKGNFMLPNNGEVMGVLEFYEATHLRVHGEDLLDHDFVLSREYLESVLPSLTNPLAEQVDHALHQHSNRRGLSRLEARHYMPVYEQYASHDQYLLKLAKLDFNMLQSLHKEELSELSRWWKGIDVARNLPYARDRIVETYFWVLGVYFEPEYAAARKILVKVQSLFSLLDDTFDAYGTFEELQIFTQALERWSISCLDQLPDYMKLIYKTVLEVYDEIEEEMIKQGTSYRTAYGIEACKSLTRNYFMEAEWREKKYTPTTDEHMRLALKTCGYTSLIIISFLGMGEVVKREAFDWVLSEPDFVKASCTINRLVDDIVGHEDEQKRNHVVSSVECYVQESKTSREDAVYELNSRVESTWKDLNEGFLKPTKFPSPLLYRVLNYSRVIEVMYTKGDWYTNVGPEMQDYIRQLLIDPVNVE,0
82,"ldtps5_I315L,I316L,L454C,N457C,Y553C",MDLAKQISVVDSSLQDVTRNITRPLANFHPNVWGDRFLLNNSDQVQLKMNALDKEEAIEKLKEGVRRKLKEASNDYMRLIQMVDAIQRLGFAYHFEEEIDQALQCLFERHHEYCKDNHDLYANSLSFRLLRQQGYRVSCEIFEKFKDVKGNFMLPNNGEVMGVLEFYEATHLRVHGEDLLDHDFVLSREYLESVLPSLTNPLAEQVDHALHQHSNRRGLSRLEARHYMPVYEQYASHDQYLLKLAKLDFNMLQSLHKEELSELSRWWKGIDVARNLPYARDRIVETYFWILGVYFEPEYAAARKILVKVQSLFSLLDDTFDAYGTFEELQIFTQALERWSISCLDQLPDYMKLIYKTVLEVYDEIEEEMIKQGTSYRTAYGIEAIKSLTRNYFMEAEWREKKYTPTTDEHMRLALKTCGYTSLIIISFLGMGEVVKREAFDWVLSEPDFVKASCTICRLVDDIVGHEDEQKRNHVVSSVECYVQESKTSREDAVYELNSRVESTWKDLNEGFLKPTKFPSPLLYRVLNYSRVIEVMYTKGDWYTNVGPEMQDCIRQLLIDPVNVE,0
83,"ldtps5_I315L,I316L,I385C,N457C,V476W",MDLAKQISVVDSSLQDVTRNITRPLANFHPNVWGDRFLLNNSDQVQLKMNALDKEEAIEKLKEGVRRKLKEASNDYMRLIQMVDAIQRLGFAYHFEEEIDQALQCLFERHHEYCKDNHDLYANSLSFRLLRQQGYRVSCEIFEKFKDVKGNFMLPNNGEVMGVLEFYEATHLRVHGEDLLDHDFVLSREYLESVLPSLTNPLAEQVDHALHQHSNRRGLSRLEARHYMPVYEQYASHDQYLLKLAKLDFNMLQSLHKEELSELSRWWKGIDVARNLPYARDRIVETYFWILGVYFEPEYAAARKILVKVQSLFSLLDDTFDAYGTFEELQIFTQALERWSISCLDQLPDYMKLIYKTVLEVYDEIEEEMIKQGTSYRTAYGIEACKSLTRNYFMEAEWREKKYTPTTDEHMRLALKTCGYTSLIIISFLGMGEVVKREAFDWVLSEPDFVKASLTICRLVDDIVGHEDEQKRNHVWSSVECYVQESKTSREDAVYELNSRVESTWKDLNEGFLKPTKFPSPLLYRVLNYSRVIEVMYTKGDWYTNVGPEMQDYIRQLLIDPVNVE,0
84,"ldtps5_I315L,I316L,I385C,V434C,N457C,D468F",MDLAKQISVVDSSLQDVTRNITRPLANFHPNVWGDRFLLNNSDQVQLKMNALDKEEAIEKLKEGVRRKLKEASNDYMRLIQMVDAIQRLGFAYHFEEEIDQALQCLFERHHEYCKDNHDLYANSLSFRLLRQQGYRVSCEIFEKFKDVKGNFMLPNNGEVMGVLEFYEATHLRVHGEDLLDHDFVLSREYLESVLPSLTNPLAEQVDHALHQHSNRRGLSRLEARHYMPVYEQYASHDQYLLKLAKLDFNMLQSLHKEELSELSRWWKGIDVARNLPYARDRIVETYFWILGVYFEPEYAAARKILVKVQSLFSLLDDTFDAYGTFEELQIFTQALERWSISCLDQLPDYMKLIYKTVLEVYDEIEEEMIKQGTSYRTAYGIEACKSLTRNYFMEAEWREKKYTPTTDEHMRLALKTCGYTSLIIISFLGMGECVKREAFDWVLSEPDFVKASLTICRLVDDIVGHEFEQKRNHVVSSVECYVQESKTSREDAVYELNSRVESTWKDLNEGFLKPTKFPSPLLYRVLNYSRVIEVMYTKGDWYTNVGPEMQDYIRQLLIDPVNVE,0
85,"ldtps5_I315L,I316L,V434C,N457C,V476W,L558I",MDLAKQISVVDSSLQDVTRNITRPLANFHPNVWGDRFLLNNSDQVQLKMNALDKEEAIEKLKEGVRRKLKEASNDYMRLIQMVDAIQRLGFAYHFEEEIDQALQCLFERHHEYCKDNHDLYANSLSFRLLRQQGYRVSCEIFEKFKDVKGNFMLPNNGEVMGVLEFYEATHLRVHGEDLLDHDFVLSREYLESVLPSLTNPLAEQVDHALHQHSNRRGLSRLEARHYMPVYEQYASHDQYLLKLAKLDFNMLQSLHKEELSELSRWWKGIDVARNLPYARDRIVETYFWILGVYFEPEYAAARKILVKVQSLFSLLDDTFDAYGTFEELQIFTQALERWSISCLDQLPDYMKLIYKTVLEVYDEIEEEMIKQGTSYRTAYGIEAIKSLTRNYFMEAEWREKKYTPTTDEHMRLALKTCGYTSLIIISFLGMGECVKREAFDWVLSEPDFVKASLTICRLVDDIVGHEDEQKRNHVWSSVECYVQESKTSREDAVYELNSRVESTWKDLNEGFLKPTKFPSPLLYRVLNYSRVIEVMYTKGDWYTNVGPEMQDYIRQLIIDPVNVE,0
86,"ldtps5_I290V,I315L,I316L,I385C,L454C,Y553C",MDLAKQISVVDSSLQDVTRNITRPLANFHPNVWGDRFLLNNSDQVQLKMNALDKEEAIEKLKEGVRRKLKEASNDYMRLIQMVDAIQRLGFAYHFEEEIDQALQCLFERHHEYCKDNHDLYANSLSFRLLRQQGYRVSCEIFEKFKDVKGNFMLPNNGEVMGVLEFYEATHLRVHGEDLLDHDFVLSREYLESVLPSLTNPLAEQVDHALHQHSNRRGLSRLEARHYMPVYEQYASHDQYLLKLAKLDFNMLQSLHKEELSELSRWWKGIDVARNLPYARDRIVETYFWVLGVYFEPEYAAARKILVKVQSLFSLLDDTFDAYGTFEELQIFTQALERWSISCLDQLPDYMKLIYKTVLEVYDEIEEEMIKQGTSYRTAYGIEACKSLTRNYFMEAEWREKKYTPTTDEHMRLALKTCGYTSLIIISFLGMGEVVKREAFDWVLSEPDFVKASCTINRLVDDIVGHEDEQKRNHVVSSVECYVQESKTSREDAVYELNSRVESTWKDLNEGFLKPTKFPSPLLYRVLNYSRVIEVMYTKGDWYTNVGPEMQDCIRQLLIDPVNVE,0
87,"ldtps5_I315L,I316L,V434C,L454C,N457C,Y553C",MDLAKQISVVDSSLQDVTRNITRPLANFHPNVWGDRFLLNNSDQVQLKMNALDKEEAIEKLKEGVRRKLKEASNDYMRLIQMVDAIQRLGFAYHFEEEIDQALQCLFERHHEYCKDNHDLYANSLSFRLLRQQGYRVSCEIFEKFKDVKGNFMLPNNGEVMGVLEFYEATHLRVHGEDLLDHDFVLSREYLESVLPSLTNPLAEQVDHALHQHSNRRGLSRLEARHYMPVYEQYASHDQYLLKLAKLDFNMLQSLHKEELSELSRWWKGIDVARNLPYARDRIVETYFWILGVYFEPEYAAARKILVKVQSLFSLLDDTFDAYGTFEELQIFTQALERWSISCLDQLPDYMKLIYKTVLEVYDEIEEEMIKQGTSYRTAYGIEAIKSLTRNYFMEAEWREKKYTPTTDEHMRLALKTCGYTSLIIISFLGMGECVKREAFDWVLSEPDFVKASCTICRLVDDIVGHEDEQKRNHVVSSVECYVQESKTSREDAVYELNSRVESTWKDLNEGFLKPTKFPSPLLYRVLNYSRVIEVMYTKGDWYTNVGPEMQDCIRQLLIDPVNVE,0
88,"ldtps5_I315L,I316L,V434C,V476W,Y553C,L558I",MDLAKQISVVDSSLQDVTRNITRPLANFHPNVWGDRFLLNNSDQVQLKMNALDKEEAIEKLKEGVRRKLKEASNDYMRLIQMVDAIQRLGFAYHFEEEIDQALQCLFERHHEYCKDNHDLYANSLSFRLLRQQGYRVSCEIFEKFKDVKGNFMLPNNGEVMGVLEFYEATHLRVHGEDLLDHDFVLSREYLESVLPSLTNPLAEQVDHALHQHSNRRGLSRLEARHYMPVYEQYASHDQYLLKLAKLDFNMLQSLHKEELSELSRWWKGIDVARNLPYARDRIVETYFWILGVYFEPEYAAARKILVKVQSLFSLLDDTFDAYGTFEELQIFTQALERWSISCLDQLPDYMKLIYKTVLEVYDEIEEEMIKQGTSYRTAYGIEAIKSLTRNYFMEAEWREKKYTPTTDEHMRLALKTCGYTSLIIISFLGMGECVKREAFDWVLSEPDFVKASLTINRLVDDIVGHEDEQKRNHVWSSVECYVQESKTSREDAVYELNSRVESTWKDLNEGFLKPTKFPSPLLYRVLNYSRVIEVMYTKGDWYTNVGPEMQDCIRQLIIDPVNVE,0
89,"ldtps5_S311A,I315L,I316L,I385C,L454C,N457C",MDLAKQISVVDSSLQDVTRNITRPLANFHPNVWGDRFLLNNSDQVQLKMNALDKEEAIEKLKEGVRRKLKEASNDYMRLIQMVDAIQRLGFAYHFEEEIDQALQCLFERHHEYCKDNHDLYANSLSFRLLRQQGYRVSCEIFEKFKDVKGNFMLPNNGEVMGVLEFYEATHLRVHGEDLLDHDFVLSREYLESVLPSLTNPLAEQVDHALHQHSNRRGLSRLEARHYMPVYEQYASHDQYLLKLAKLDFNMLQSLHKEELSELSRWWKGIDVARNLPYARDRIVETYFWILGVYFEPEYAAARKILVKVQALFSLLDDTFDAYGTFEELQIFTQALERWSISCLDQLPDYMKLIYKTVLEVYDEIEEEMIKQGTSYRTAYGIEACKSLTRNYFMEAEWREKKYTPTTDEHMRLALKTCGYTSLIIISFLGMGEVVKREAFDWVLSEPDFVKASCTICRLVDDIVGHEDEQKRNHVVSSVECYVQESKTSREDAVYELNSRVESTWKDLNEGFLKPTKFPSPLLYRVLNYSRVIEVMYTKGDWYTNVGPEMQDYIRQLLIDPVNVE,0
90,"ldtps5_I315L,I316L,V434C,L454C,V476W,Y553C",MDLAKQISVVDSSLQDVTRNITRPLANFHPNVWGDRFLLNNSDQVQLKMNALDKEEAIEKLKEGVRRKLKEASNDYMRLIQMVDAIQRLGFAYHFEEEIDQALQCLFERHHEYCKDNHDLYANSLSFRLLRQQGYRVSCEIFEKFKDVKGNFMLPNNGEVMGVLEFYEATHLRVHGEDLLDHDFVLSREYLESVLPSLTNPLAEQVDHALHQHSNRRGLSRLEARHYMPVYEQYASHDQYLLKLAKLDFNMLQSLHKEELSELSRWWKGIDVARNLPYARDRIVETYFWILGVYFEPEYAAARKILVKVQSLFSLLDDTFDAYGTFEELQIFTQALERWSISCLDQLPDYMKLIYKTVLEVYDEIEEEMIKQGTSYRTAYGIEAIKSLTRNYFMEAEWREKKYTPTTDEHMRLALKTCGYTSLIIISFLGMGECVKREAFDWVLSEPDFVKASCTINRLVDDIVGHEDEQKRNHVWSSVECYVQESKTSREDAVYELNSRVESTWKDLNEGFLKPTKFPSPLLYRVLNYSRVIEVMYTKGDWYTNVGPEMQDCIRQLLIDPVNVE,0
91,"ldtps5_S311A,I315L,I316L,L454C,N457C,V476W",MDLAKQISVVDSSLQDVTRNITRPLANFHPNVWGDRFLLNNSDQVQLKMNALDKEEAIEKLKEGVRRKLKEASNDYMRLIQMVDAIQRLGFAYHFEEEIDQALQCLFERHHEYCKDNHDLYANSLSFRLLRQQGYRVSCEIFEKFKDVKGNFMLPNNGEVMGVLEFYEATHLRVHGEDLLDHDFVLSREYLESVLPSLTNPLAEQVDHALHQHSNRRGLSRLEARHYMPVYEQYASHDQYLLKLAKLDFNMLQSLHKEELSELSRWWKGIDVARNLPYARDRIVETYFWILGVYFEPEYAAARKILVKVQALFSLLDDTFDAYGTFEELQIFTQALERWSISCLDQLPDYMKLIYKTVLEVYDEIEEEMIKQGTSYRTAYGIEAIKSLTRNYFMEAEWREKKYTPTTDEHMRLALKTCGYTSLIIISFLGMGEVVKREAFDWVLSEPDFVKASCTICRLVDDIVGHEDEQKRNHVWSSVECYVQESKTSREDAVYELNSRVESTWKDLNEGFLKPTKFPSPLLYRVLNYSRVIEVMYTKGDWYTNVGPEMQDYIRQLLIDPVNVE,0
92,"ldtps5_S311A,I315L,I316L,L454C,V476W,Y553C,L558I",MDLAKQISVVDSSLQDVTRNITRPLANFHPNVWGDRFLLNNSDQVQLKMNALDKEEAIEKLKEGVRRKLKEASNDYMRLIQMVDAIQRLGFAYHFEEEIDQALQCLFERHHEYCKDNHDLYANSLSFRLLRQQGYRVSCEIFEKFKDVKGNFMLPNNGEVMGVLEFYEATHLRVHGEDLLDHDFVLSREYLESVLPSLTNPLAEQVDHALHQHSNRRGLSRLEARHYMPVYEQYASHDQYLLKLAKLDFNMLQSLHKEELSELSRWWKGIDVARNLPYARDRIVETYFWILGVYFEPEYAAARKILVKVQALFSLLDDTFDAYGTFEELQIFTQALERWSISCLDQLPDYMKLIYKTVLEVYDEIEEEMIKQGTSYRTAYGIEAIKSLTRNYFMEAEWREKKYTPTTDEHMRLALKTCGYTSLIIISFLGMGEVVKREAFDWVLSEPDFVKASCTINRLVDDIVGHEDEQKRNHVWSSVECYVQESKTSREDAVYELNSRVESTWKDLNEGFLKPTKFPSPLLYRVLNYSRVIEVMYTKGDWYTNVGPEMQDCIRQLIIDPVNVE,0
93,"ldtps5_S311A,I315L,I316L,I385C,N457C,D468F,V476W",MDLAKQISVVDSSLQDVTRNITRPLANFHPNVWGDRFLLNNSDQVQLKMNALDKEEAIEKLKEGVRRKLKEASNDYMRLIQMVDAIQRLGFAYHFEEEIDQALQCLFERHHEYCKDNHDLYANSLSFRLLRQQGYRVSCEIFEKFKDVKGNFMLPNNGEVMGVLEFYEATHLRVHGEDLLDHDFVLSREYLESVLPSLTNPLAEQVDHALHQHSNRRGLSRLEARHYMPVYEQYASHDQYLLKLAKLDFNMLQSLHKEELSELSRWWKGIDVARNLPYARDRIVETYFWILGVYFEPEYAAARKILVKVQALFSLLDDTFDAYGTFEELQIFTQALERWSISCLDQLPDYMKLIYKTVLEVYDEIEEEMIKQGTSYRTAYGIEACKSLTRNYFMEAEWREKKYTPTTDEHMRLALKTCGYTSLIIISFLGMGEVVKREAFDWVLSEPDFVKASLTICRLVDDIVGHEFEQKRNHVWSSVECYVQESKTSREDAVYELNSRVESTWKDLNEGFLKPTKFPSPLLYRVLNYSRVIEVMYTKGDWYTNVGPEMQDYIRQLLIDPVNVE,0
94,"ldtps5_I315L,I316L,I385C,V434C,L454C,D468F,Y553C",MDLAKQISVVDSSLQDVTRNITRPLANFHPNVWGDRFLLNNSDQVQLKMNALDKEEAIEKLKEGVRRKLKEASNDYMRLIQMVDAIQRLGFAYHFEEEIDQALQCLFERHHEYCKDNHDLYANSLSFRLLRQQGYRVSCEIFEKFKDVKGNFMLPNNGEVMGVLEFYEATHLRVHGEDLLDHDFVLSREYLESVLPSLTNPLAEQVDHALHQHSNRRGLSRLEARHYMPVYEQYASHDQYLLKLAKLDFNMLQSLHKEELSELSRWWKGIDVARNLPYARDRIVETYFWILGVYFEPEYAAARKILVKVQSLFSLLDDTFDAYGTFEELQIFTQALERWSISCLDQLPDYMKLIYKTVLEVYDEIEEEMIKQGTSYRTAYGIEACKSLTRNYFMEAEWREKKYTPTTDEHMRLALKTCGYTSLIIISFLGMGECVKREAFDWVLSEPDFVKASCTINRLVDDIVGHEFEQKRNHVVSSVECYVQESKTSREDAVYELNSRVESTWKDLNEGFLKPTKFPSPLLYRVLNYSRVIEVMYTKGDWYTNVGPEMQDCIRQLLIDPVNVE,0
95,"ldtps5_I316L,L454C,D468F",MDLAKQISVVDSSLQDVTRNITRPLANFHPNVWGDRFLLNNSDQVQLKMNALDKEEAIEKLKEGVRRKLKEASNDYMRLIQMVDAIQRLGFAYHFEEEIDQALQCLFERHHEYCKDNHDLYANSLSFRLLRQQGYRVSCEIFEKFKDVKGNFMLPNNGEVMGVLEFYEATHLRVHGEDLLDHDFVLSREYLESVLPSLTNPLAEQVDHALHQHSNRRGLSRLEARHYMPVYEQYASHDQYLLKLAKLDFNMLQSLHKEELSELSRWWKGIDVARNLPYARDRIVETYFWILGVYFEPEYAAARKILVKVQSLFSILDDTFDAYGTFEELQIFTQALERWSISCLDQLPDYMKLIYKTVLEVYDEIEEEMIKQGTSYRTAYGIEAIKSLTRNYFMEAEWREKKYTPTTDEHMRLALKTCGYTSLIIISFLGMGEVVKREAFDWVLSEPDFVKASCTINRLVDDIVGHEFEQKRNHVVSSVECYVQESKTSREDAVYELNSRVESTWKDLNEGFLKPTKFPSPLLYRVLNYSRVIEVMYTKGDWYTNVGPEMQDYIRQLLIDPVNVE,0
96,"ldtps5_I385C,L454C,N457C,V476W",MDLAKQISVVDSSLQDVTRNITRPLANFHPNVWGDRFLLNNSDQVQLKMNALDKEEAIEKLKEGVRRKLKEASNDYMRLIQMVDAIQRLGFAYHFEEEIDQALQCLFERHHEYCKDNHDLYANSLSFRLLRQQGYRVSCEIFEKFKDVKGNFMLPNNGEVMGVLEFYEATHLRVHGEDLLDHDFVLSREYLESVLPSLTNPLAEQVDHALHQHSNRRGLSRLEARHYMPVYEQYASHDQYLLKLAKLDFNMLQSLHKEELSELSRWWKGIDVARNLPYARDRIVETYFWILGVYFEPEYAAARKILVKVQSLFSIIDDTFDAYGTFEELQIFTQALERWSISCLDQLPDYMKLIYKTVLEVYDEIEEEMIKQGTSYRTAYGIEACKSLTRNYFMEAEWREKKYTPTTDEHMRLALKTCGYTSLIIISFLGMGEVVKREAFDWVLSEPDFVKASCTICRLVDDIVGHEDEQKRNHVWSSVECYVQESKTSREDAVYELNSRVESTWKDLNEGFLKPTKFPSPLLYRVLNYSRVIEVMYTKGDWYTNVGPEMQDYIRQLLIDPVNVE,1
97,"ldtps5_I290V,I316L,L454C,L558I",MDLAKQISVVDSSLQDVTRNITRPLANFHPNVWGDRFLLNNSDQVQLKMNALDKEEAIEKLKEGVRRKLKEASNDYMRLIQMVDAIQRLGFAYHFEEEIDQALQCLFERHHEYCKDNHDLYANSLSFRLLRQQGYRVSCEIFEKFKDVKGNFMLPNNGEVMGVLEFYEATHLRVHGEDLLDHDFVLSREYLESVLPSLTNPLAEQVDHALHQHSNRRGLSRLEARHYMPVYEQYASHDQYLLKLAKLDFNMLQSLHKEELSELSRWWKGIDVARNLPYARDRIVETYFWVLGVYFEPEYAAARKILVKVQSLFSILDDTFDAYGTFEELQIFTQALERWSISCLDQLPDYMKLIYKTVLEVYDEIEEEMIKQGTSYRTAYGIEAIKSLTRNYFMEAEWREKKYTPTTDEHMRLALKTCGYTSLIIISFLGMGEVVKREAFDWVLSEPDFVKASCTINRLVDDIVGHEDEQKRNHVVSSVECYVQESKTSREDAVYELNSRVESTWKDLNEGFLKPTKFPSPLLYRVLNYSRVIEVMYTKGDWYTNVGPEMQDYIRQLIIDPVNVE,0
98,"ldtps5_I290V,I316L,I385C,L454C,N457C,Y553C",MDLAKQISVVDSSLQDVTRNITRPLANFHPNVWGDRFLLNNSDQVQLKMNALDKEEAIEKLKEGVRRKLKEASNDYMRLIQMVDAIQRLGFAYHFEEEIDQALQCLFERHHEYCKDNHDLYANSLSFRLLRQQGYRVSCEIFEKFKDVKGNFMLPNNGEVMGVLEFYEATHLRVHGEDLLDHDFVLSREYLESVLPSLTNPLAEQVDHALHQHSNRRGLSRLEARHYMPVYEQYASHDQYLLKLAKLDFNMLQSLHKEELSELSRWWKGIDVARNLPYARDRIVETYFWVLGVYFEPEYAAARKILVKVQSLFSILDDTFDAYGTFEELQIFTQALERWSISCLDQLPDYMKLIYKTVLEVYDEIEEEMIKQGTSYRTAYGIEACKSLTRNYFMEAEWREKKYTPTTDEHMRLALKTCGYTSLIIISFLGMGEVVKREAFDWVLSEPDFVKASCTICRLVDDIVGHEDEQKRNHVVSSVECYVQESKTSREDAVYELNSRVESTWKDLNEGFLKPTKFPSPLLYRVLNYSRVIEVMYTKGDWYTNVGPEMQDCIRQLLIDPVNVE,1
99,"ldtps5_I290V,I316L,I385C,L454C,N457C,D468F",MDLAKQISVVDSSLQDVTRNITRPLANFHPNVWGDRFLLNNSDQVQLKMNALDKEEAIEKLKEGVRRKLKEASNDYMRLIQMVDAIQRLGFAYHFEEEIDQALQCLFERHHEYCKDNHDLYANSLSFRLLRQQGYRVSCEIFEKFKDVKGNFMLPNNGEVMGVLEFYEATHLRVHGEDLLDHDFVLSREYLESVLPSLTNPLAEQVDHALHQHSNRRGLSRLEARHYMPVYEQYASHDQYLLKLAKLDFNMLQSLHKEELSELSRWWKGIDVARNLPYARDRIVETYFWVLGVYFEPEYAAARKILVKVQSLFSILDDTFDAYGTFEELQIFTQALERWSISCLDQLPDYMKLIYKTVLEVYDEIEEEMIKQGTSYRTAYGIEACKSLTRNYFMEAEWREKKYTPTTDEHMRLALKTCGYTSLIIISFLGMGEVVKREAFDWVLSEPDFVKASCTICRLVDDIVGHEFEQKRNHVVSSVECYVQESKTSREDAVYELNSRVESTWKDLNEGFLKPTKFPSPLLYRVLNYSRVIEVMYTKGDWYTNVGPEMQDYIRQLLIDPVNVE,0
100,"ldtps5_I290V,S311A,I315L,I316L,I385C,V434C,D468F,V476W",MDLAKQISVVDSSLQDVTRNITRPLANFHPNVWGDRFLLNNSDQVQLKMNALDKEEAIEKLKEGVRRKLKEASNDYMRLIQMVDAIQRLGFAYHFEEEIDQALQCLFERHHEYCKDNHDLYANSLSFRLLRQQGYRVSCEIFEKFKDVKGNFMLPNNGEVMGVLEFYEATHLRVHGEDLLDHDFVLSREYLESVLPSLTNPLAEQVDHALHQHSNRRGLSRLEARHYMPVYEQYASHDQYLLKLAKLDFNMLQSLHKEELSELSRWWKGIDVARNLPYARDRIVETYFWVLGVYFEPEYAAARKILVKVQALFSLLDDTFDAYGTFEELQIFTQALERWSISCLDQLPDYMKLIYKTVLEVYDEIEEEMIKQGTSYRTAYGIEACKSLTRNYFMEAEWREKKYTPTTDEHMRLALKTCGYTSLIIISFLGMGECVKREAFDWVLSEPDFVKASLTINRLVDDIVGHEFEQKRNHVWSSVECYVQESKTSREDAVYELNSRVESTWKDLNEGFLKPTKFPSPLLYRVLNYSRVIEVMYTKGDWYTNVGPEMQDYIRQLLIDPVNVE,1
101,"ldtps5_I290V,S311A,I315L,I316L,I385C,V434C,L454C,N457C,D468F,V476W",MDLAKQISVVDSSLQDVTRNITRPLANFHPNVWGDRFLLNNSDQVQLKMNALDKEEAIEKLKEGVRRKLKEASNDYMRLIQMVDAIQRLGFAYHFEEEIDQALQCLFERHHEYCKDNHDLYANSLSFRLLRQQGYRVSCEIFEKFKDVKGNFMLPNNGEVMGVLEFYEATHLRVHGEDLLDHDFVLSREYLESVLPSLTNPLAEQVDHALHQHSNRRGLSRLEARHYMPVYEQYASHDQYLLKLAKLDFNMLQSLHKEELSELSRWWKGIDVARNLPYARDRIVETYFWVLGVYFEPEYAAARKILVKVQALFSLLDDTFDAYGTFEELQIFTQALERWSISCLDQLPDYMKLIYKTVLEVYDEIEEEMIKQGTSYRTAYGIEACKSLTRNYFMEAEWREKKYTPTTDEHMRLALKTCGYTSLIIISFLGMGECVKREAFDWVLSEPDFVKASCTICRLVDDIVGHEFEQKRNHVWSSVECYVQESKTSREDAVYELNSRVESTWKDLNEGFLKPTKFPSPLLYRVLNYSRVIEVMYTKGDWYTNVGPEMQDYIRQLLIDPVNVE,0
102,"ldtps5_I316L,L454C,N457C",MDLAKQISVVDSSLQDVTRNITRPLANFHPNVWGDRFLLNNSDQVQLKMNALDKEEAIEKLKEGVRRKLKEASNDYMRLIQMVDAIQRLGFAYHFEEEIDQALQCLFERHHEYCKDNHDLYANSLSFRLLRQQGYRVSCEIFEKFKDVKGNFMLPNNGEVMGVLEFYEATHLRVHGEDLLDHDFVLSREYLESVLPSLTNPLAEQVDHALHQHSNRRGLSRLEARHYMPVYEQYASHDQYLLKLAKLDFNMLQSLHKEELSELSRWWKGIDVARNLPYARDRIVETYFWILGVYFEPEYAAARKILVKVQSLFSILDDTFDAYGTFEELQIFTQALERWSISCLDQLPDYMKLIYKTVLEVYDEIEEEMIKQGTSYRTAYGIEAIKSLTRNYFMEAEWREKKYTPTTDEHMRLALKTCGYTSLIIISFLGMGEVVKREAFDWVLSEPDFVKASCTICRLVDDIVGHEDEQKRNHVVSSVECYVQESKTSREDAVYELNSRVESTWKDLNEGFLKPTKFPSPLLYRVLNYSRVIEVMYTKGDWYTNVGPEMQDYIRQLLIDPVNVE,0
103,"ldtps5_I385C,L454C,N457C",MDLAKQISVVDSSLQDVTRNITRPLANFHPNVWGDRFLLNNSDQVQLKMNALDKEEAIEKLKEGVRRKLKEASNDYMRLIQMVDAIQRLGFAYHFEEEIDQALQCLFERHHEYCKDNHDLYANSLSFRLLRQQGYRVSCEIFEKFKDVKGNFMLPNNGEVMGVLEFYEATHLRVHGEDLLDHDFVLSREYLESVLPSLTNPLAEQVDHALHQHSNRRGLSRLEARHYMPVYEQYASHDQYLLKLAKLDFNMLQSLHKEELSELSRWWKGIDVARNLPYARDRIVETYFWILGVYFEPEYAAARKILVKVQSLFSIIDDTFDAYGTFEELQIFTQALERWSISCLDQLPDYMKLIYKTVLEVYDEIEEEMIKQGTSYRTAYGIEACKSLTRNYFMEAEWREKKYTPTTDEHMRLALKTCGYTSLIIISFLGMGEVVKREAFDWVLSEPDFVKASCTICRLVDDIVGHEDEQKRNHVVSSVECYVQESKTSREDAVYELNSRVESTWKDLNEGFLKPTKFPSPLLYRVLNYSRVIEVMYTKGDWYTNVGPEMQDYIRQLLIDPVNVE,0
104,"ldtps5_L454C,N457C,V476W",MDLAKQISVVDSSLQDVTRNITRPLANFHPNVWGDRFLLNNSDQVQLKMNALDKEEAIEKLKEGVRRKLKEASNDYMRLIQMVDAIQRLGFAYHFEEEIDQALQCLFERHHEYCKDNHDLYANSLSFRLLRQQGYRVSCEIFEKFKDVKGNFMLPNNGEVMGVLEFYEATHLRVHGEDLLDHDFVLSREYLESVLPSLTNPLAEQVDHALHQHSNRRGLSRLEARHYMPVYEQYASHDQYLLKLAKLDFNMLQSLHKEELSELSRWWKGIDVARNLPYARDRIVETYFWILGVYFEPEYAAARKILVKVQSLFSIIDDTFDAYGTFEELQIFTQALERWSISCLDQLPDYMKLIYKTVLEVYDEIEEEMIKQGTSYRTAYGIEAIKSLTRNYFMEAEWREKKYTPTTDEHMRLALKTCGYTSLIIISFLGMGEVVKREAFDWVLSEPDFVKASCTICRLVDDIVGHEDEQKRNHVWSSVECYVQESKTSREDAVYELNSRVESTWKDLNEGFLKPTKFPSPLLYRVLNYSRVIEVMYTKGDWYTNVGPEMQDYIRQLLIDPVNVE,0
105,"ldtps5_I385C,L454C,N457C,D468F,V476W",MDLAKQISVVDSSLQDVTRNITRPLANFHPNVWGDRFLLNNSDQVQLKMNALDKEEAIEKLKEGVRRKLKEASNDYMRLIQMVDAIQRLGFAYHFEEEIDQALQCLFERHHEYCKDNHDLYANSLSFRLLRQQGYRVSCEIFEKFKDVKGNFMLPNNGEVMGVLEFYEATHLRVHGEDLLDHDFVLSREYLESVLPSLTNPLAEQVDHALHQHSNRRGLSRLEARHYMPVYEQYASHDQYLLKLAKLDFNMLQSLHKEELSELSRWWKGIDVARNLPYARDRIVETYFWILGVYFEPEYAAARKILVKVQSLFSIIDDTFDAYGTFEELQIFTQALERWSISCLDQLPDYMKLIYKTVLEVYDEIEEEMIKQGTSYRTAYGIEACKSLTRNYFMEAEWREKKYTPTTDEHMRLALKTCGYTSLIIISFLGMGEVVKREAFDWVLSEPDFVKASCTICRLVDDIVGHEFEQKRNHVWSSVECYVQESKTSREDAVYELNSRVESTWKDLNEGFLKPTKFPSPLLYRVLNYSRVIEVMYTKGDWYTNVGPEMQDYIRQLLIDPVNVE,1
106,"ldtps5_I290V,I385C,L454C,N457C,V476W",MDLAKQISVVDSSLQDVTRNITRPLANFHPNVWGDRFLLNNSDQVQLKMNALDKEEAIEKLKEGVRRKLKEASNDYMRLIQMVDAIQRLGFAYHFEEEIDQALQCLFERHHEYCKDNHDLYANSLSFRLLRQQGYRVSCEIFEKFKDVKGNFMLPNNGEVMGVLEFYEATHLRVHGEDLLDHDFVLSREYLESVLPSLTNPLAEQVDHALHQHSNRRGLSRLEARHYMPVYEQYASHDQYLLKLAKLDFNMLQSLHKEELSELSRWWKGIDVARNLPYARDRIVETYFWVLGVYFEPEYAAARKILVKVQSLFSIIDDTFDAYGTFEELQIFTQALERWSISCLDQLPDYMKLIYKTVLEVYDEIEEEMIKQGTSYRTAYGIEACKSLTRNYFMEAEWREKKYTPTTDEHMRLALKTCGYTSLIIISFLGMGEVVKREAFDWVLSEPDFVKASCTICRLVDDIVGHEDEQKRNHVWSSVECYVQESKTSREDAVYELNSRVESTWKDLNEGFLKPTKFPSPLLYRVLNYSRVIEVMYTKGDWYTNVGPEMQDYIRQLLIDPVNVE,1
107,"ldtps5_S311A,I315L,I316L,I385C,V434C,D468F",MDLAKQISVVDSSLQDVTRNITRPLANFHPNVWGDRFLLNNSDQVQLKMNALDKEEAIEKLKEGVRRKLKEASNDYMRLIQMVDAIQRLGFAYHFEEEIDQALQCLFERHHEYCKDNHDLYANSLSFRLLRQQGYRVSCEIFEKFKDVKGNFMLPNNGEVMGVLEFYEATHLRVHGEDLLDHDFVLSREYLESVLPSLTNPLAEQVDHALHQHSNRRGLSRLEARHYMPVYEQYASHDQYLLKLAKLDFNMLQSLHKEELSELSRWWKGIDVARNLPYARDRIVETYFWILGVYFEPEYAAARKILVKVQALFSLLDDTFDAYGTFEELQIFTQALERWSISCLDQLPDYMKLIYKTVLEVYDEIEEEMIKQGTSYRTAYGIEACKSLTRNYFMEAEWREKKYTPTTDEHMRLALKTCGYTSLIIISFLGMGECVKREAFDWVLSEPDFVKASLTINRLVDDIVGHEFEQKRNHVVSSVECYVQESKTSREDAVYELNSRVESTWKDLNEGFLKPTKFPSPLLYRVLNYSRVIEVMYTKGDWYTNVGPEMQDYIRQLLIDPVNVE,0
108,"ldtps5_L454C,D468F",MDLAKQISVVDSSLQDVTRNITRPLANFHPNVWGDRFLLNNSDQVQLKMNALDKEEAIEKLKEGVRRKLKEASNDYMRLIQMVDAIQRLGFAYHFEEEIDQALQCLFERHHEYCKDNHDLYANSLSFRLLRQQGYRVSCEIFEKFKDVKGNFMLPNNGEVMGVLEFYEATHLRVHGEDLLDHDFVLSREYLESVLPSLTNPLAEQVDHALHQHSNRRGLSRLEARHYMPVYEQYASHDQYLLKLAKLDFNMLQSLHKEELSELSRWWKGIDVARNLPYARDRIVETYFWILGVYFEPEYAAARKILVKVQSLFSIIDDTFDAYGTFEELQIFTQALERWSISCLDQLPDYMKLIYKTVLEVYDEIEEEMIKQGTSYRTAYGIEAIKSLTRNYFMEAEWREKKYTPTTDEHMRLALKTCGYTSLIIISFLGMGEVVKREAFDWVLSEPDFVKASCTINRLVDDIVGHEFEQKRNHVVSSVECYVQESKTSREDAVYELNSRVESTWKDLNEGFLKPTKFPSPLLYRVLNYSRVIEVMYTKGDWYTNVGPEMQDYIRQLLIDPVNVE,1
109,"ldtps5_I290V,I385C,N457C",MDLAKQISVVDSSLQDVTRNITRPLANFHPNVWGDRFLLNNSDQVQLKMNALDKEEAIEKLKEGVRRKLKEASNDYMRLIQMVDAIQRLGFAYHFEEEIDQALQCLFERHHEYCKDNHDLYANSLSFRLLRQQGYRVSCEIFEKFKDVKGNFMLPNNGEVMGVLEFYEATHLRVHGEDLLDHDFVLSREYLESVLPSLTNPLAEQVDHALHQHSNRRGLSRLEARHYMPVYEQYASHDQYLLKLAKLDFNMLQSLHKEELSELSRWWKGIDVARNLPYARDRIVETYFWVLGVYFEPEYAAARKILVKVQSLFSIIDDTFDAYGTFEELQIFTQALERWSISCLDQLPDYMKLIYKTVLEVYDEIEEEMIKQGTSYRTAYGIEACKSLTRNYFMEAEWREKKYTPTTDEHMRLALKTCGYTSLIIISFLGMGEVVKREAFDWVLSEPDFVKASLTICRLVDDIVGHEDEQKRNHVVSSVECYVQESKTSREDAVYELNSRVESTWKDLNEGFLKPTKFPSPLLYRVLNYSRVIEVMYTKGDWYTNVGPEMQDYIRQLLIDPVNVE,0
110,"ldtps5_I290V,V434C,D468F",MDLAKQISVVDSSLQDVTRNITRPLANFHPNVWGDRFLLNNSDQVQLKMNALDKEEAIEKLKEGVRRKLKEASNDYMRLIQMVDAIQRLGFAYHFEEEIDQALQCLFERHHEYCKDNHDLYANSLSFRLLRQQGYRVSCEIFEKFKDVKGNFMLPNNGEVMGVLEFYEATHLRVHGEDLLDHDFVLSREYLESVLPSLTNPLAEQVDHALHQHSNRRGLSRLEARHYMPVYEQYASHDQYLLKLAKLDFNMLQSLHKEELSELSRWWKGIDVARNLPYARDRIVETYFWVLGVYFEPEYAAARKILVKVQSLFSIIDDTFDAYGTFEELQIFTQALERWSISCLDQLPDYMKLIYKTVLEVYDEIEEEMIKQGTSYRTAYGIEAIKSLTRNYFMEAEWREKKYTPTTDEHMRLALKTCGYTSLIIISFLGMGECVKREAFDWVLSEPDFVKASLTINRLVDDIVGHEFEQKRNHVVSSVECYVQESKTSREDAVYELNSRVESTWKDLNEGFLKPTKFPSPLLYRVLNYSRVIEVMYTKGDWYTNVGPEMQDYIRQLLIDPVNVE,0
111,"ldtps5_V434C,L454C,N457C",MDLAKQISVVDSSLQDVTRNITRPLANFHPNVWGDRFLLNNSDQVQLKMNALDKEEAIEKLKEGVRRKLKEASNDYMRLIQMVDAIQRLGFAYHFEEEIDQALQCLFERHHEYCKDNHDLYANSLSFRLLRQQGYRVSCEIFEKFKDVKGNFMLPNNGEVMGVLEFYEATHLRVHGEDLLDHDFVLSREYLESVLPSLTNPLAEQVDHALHQHSNRRGLSRLEARHYMPVYEQYASHDQYLLKLAKLDFNMLQSLHKEELSELSRWWKGIDVARNLPYARDRIVETYFWILGVYFEPEYAAARKILVKVQSLFSIIDDTFDAYGTFEELQIFTQALERWSISCLDQLPDYMKLIYKTVLEVYDEIEEEMIKQGTSYRTAYGIEAIKSLTRNYFMEAEWREKKYTPTTDEHMRLALKTCGYTSLIIISFLGMGECVKREAFDWVLSEPDFVKASCTICRLVDDIVGHEDEQKRNHVVSSVECYVQESKTSREDAVYELNSRVESTWKDLNEGFLKPTKFPSPLLYRVLNYSRVIEVMYTKGDWYTNVGPEMQDYIRQLLIDPVNVE,0
112,"ldtps5_I290V,I385C,N457C,D468F",MDLAKQISVVDSSLQDVTRNITRPLANFHPNVWGDRFLLNNSDQVQLKMNALDKEEAIEKLKEGVRRKLKEASNDYMRLIQMVDAIQRLGFAYHFEEEIDQALQCLFERHHEYCKDNHDLYANSLSFRLLRQQGYRVSCEIFEKFKDVKGNFMLPNNGEVMGVLEFYEATHLRVHGEDLLDHDFVLSREYLESVLPSLTNPLAEQVDHALHQHSNRRGLSRLEARHYMPVYEQYASHDQYLLKLAKLDFNMLQSLHKEELSELSRWWKGIDVARNLPYARDRIVETYFWVLGVYFEPEYAAARKILVKVQSLFSIIDDTFDAYGTFEELQIFTQALERWSISCLDQLPDYMKLIYKTVLEVYDEIEEEMIKQGTSYRTAYGIEACKSLTRNYFMEAEWREKKYTPTTDEHMRLALKTCGYTSLIIISFLGMGEVVKREAFDWVLSEPDFVKASLTICRLVDDIVGHEFEQKRNHVVSSVECYVQESKTSREDAVYELNSRVESTWKDLNEGFLKPTKFPSPLLYRVLNYSRVIEVMYTKGDWYTNVGPEMQDYIRQLLIDPVNVE,0
113,"ldtps5_I290V,S311A,I385C,N457C",MDLAKQISVVDSSLQDVTRNITRPLANFHPNVWGDRFLLNNSDQVQLKMNALDKEEAIEKLKEGVRRKLKEASNDYMRLIQMVDAIQRLGFAYHFEEEIDQALQCLFERHHEYCKDNHDLYANSLSFRLLRQQGYRVSCEIFEKFKDVKGNFMLPNNGEVMGVLEFYEATHLRVHGEDLLDHDFVLSREYLESVLPSLTNPLAEQVDHALHQHSNRRGLSRLEARHYMPVYEQYASHDQYLLKLAKLDFNMLQSLHKEELSELSRWWKGIDVARNLPYARDRIVETYFWVLGVYFEPEYAAARKILVKVQALFSIIDDTFDAYGTFEELQIFTQALERWSISCLDQLPDYMKLIYKTVLEVYDEIEEEMIKQGTSYRTAYGIEACKSLTRNYFMEAEWREKKYTPTTDEHMRLALKTCGYTSLIIISFLGMGEVVKREAFDWVLSEPDFVKASLTICRLVDDIVGHEDEQKRNHVVSSVECYVQESKTSREDAVYELNSRVESTWKDLNEGFLKPTKFPSPLLYRVLNYSRVIEVMYTKGDWYTNVGPEMQDYIRQLLIDPVNVE,0
114,"ldtps5_I316L,I385C,V434C,N457C",MDLAKQISVVDSSLQDVTRNITRPLANFHPNVWGDRFLLNNSDQVQLKMNALDKEEAIEKLKEGVRRKLKEASNDYMRLIQMVDAIQRLGFAYHFEEEIDQALQCLFERHHEYCKDNHDLYANSLSFRLLRQQGYRVSCEIFEKFKDVKGNFMLPNNGEVMGVLEFYEATHLRVHGEDLLDHDFVLSREYLESVLPSLTNPLAEQVDHALHQHSNRRGLSRLEARHYMPVYEQYASHDQYLLKLAKLDFNMLQSLHKEELSELSRWWKGIDVARNLPYARDRIVETYFWILGVYFEPEYAAARKILVKVQSLFSILDDTFDAYGTFEELQIFTQALERWSISCLDQLPDYMKLIYKTVLEVYDEIEEEMIKQGTSYRTAYGIEACKSLTRNYFMEAEWREKKYTPTTDEHMRLALKTCGYTSLIIISFLGMGECVKREAFDWVLSEPDFVKASLTICRLVDDIVGHEDEQKRNHVVSSVECYVQESKTSREDAVYELNSRVESTWKDLNEGFLKPTKFPSPLLYRVLNYSRVIEVMYTKGDWYTNVGPEMQDYIRQLLIDPVNVE,1
115,"ldtps5_I290V,I315L,V434C,N457C,V476W",MDLAKQISVVDSSLQDVTRNITRPLANFHPNVWGDRFLLNNSDQVQLKMNALDKEEAIEKLKEGVRRKLKEASNDYMRLIQMVDAIQRLGFAYHFEEEIDQALQCLFERHHEYCKDNHDLYANSLSFRLLRQQGYRVSCEIFEKFKDVKGNFMLPNNGEVMGVLEFYEATHLRVHGEDLLDHDFVLSREYLESVLPSLTNPLAEQVDHALHQHSNRRGLSRLEARHYMPVYEQYASHDQYLLKLAKLDFNMLQSLHKEELSELSRWWKGIDVARNLPYARDRIVETYFWVLGVYFEPEYAAARKILVKVQSLFSLIDDTFDAYGTFEELQIFTQALERWSISCLDQLPDYMKLIYKTVLEVYDEIEEEMIKQGTSYRTAYGIEAIKSLTRNYFMEAEWREKKYTPTTDEHMRLALKTCGYTSLIIISFLGMGECVKREAFDWVLSEPDFVKASLTICRLVDDIVGHEDEQKRNHVWSSVECYVQESKTSREDAVYELNSRVESTWKDLNEGFLKPTKFPSPLLYRVLNYSRVIEVMYTKGDWYTNVGPEMQDYIRQLLIDPVNVE,1
116,"ldtps5_I290V,I316L,I385C,V434C,N457C",MDLAKQISVVDSSLQDVTRNITRPLANFHPNVWGDRFLLNNSDQVQLKMNALDKEEAIEKLKEGVRRKLKEASNDYMRLIQMVDAIQRLGFAYHFEEEIDQALQCLFERHHEYCKDNHDLYANSLSFRLLRQQGYRVSCEIFEKFKDVKGNFMLPNNGEVMGVLEFYEATHLRVHGEDLLDHDFVLSREYLESVLPSLTNPLAEQVDHALHQHSNRRGLSRLEARHYMPVYEQYASHDQYLLKLAKLDFNMLQSLHKEELSELSRWWKGIDVARNLPYARDRIVETYFWVLGVYFEPEYAAARKILVKVQSLFSILDDTFDAYGTFEELQIFTQALERWSISCLDQLPDYMKLIYKTVLEVYDEIEEEMIKQGTSYRTAYGIEACKSLTRNYFMEAEWREKKYTPTTDEHMRLALKTCGYTSLIIISFLGMGECVKREAFDWVLSEPDFVKASLTICRLVDDIVGHEDEQKRNHVVSSVECYVQESKTSREDAVYELNSRVESTWKDLNEGFLKPTKFPSPLLYRVLNYSRVIEVMYTKGDWYTNVGPEMQDYIRQLLIDPVNVE,1
117,"ldtps5_I290V,V434C,D468F,V476W,Y553C",MDLAKQISVVDSSLQDVTRNITRPLANFHPNVWGDRFLLNNSDQVQLKMNALDKEEAIEKLKEGVRRKLKEASNDYMRLIQMVDAIQRLGFAYHFEEEIDQALQCLFERHHEYCKDNHDLYANSLSFRLLRQQGYRVSCEIFEKFKDVKGNFMLPNNGEVMGVLEFYEATHLRVHGEDLLDHDFVLSREYLESVLPSLTNPLAEQVDHALHQHSNRRGLSRLEARHYMPVYEQYASHDQYLLKLAKLDFNMLQSLHKEELSELSRWWKGIDVARNLPYARDRIVETYFWVLGVYFEPEYAAARKILVKVQSLFSIIDDTFDAYGTFEELQIFTQALERWSISCLDQLPDYMKLIYKTVLEVYDEIEEEMIKQGTSYRTAYGIEAIKSLTRNYFMEAEWREKKYTPTTDEHMRLALKTCGYTSLIIISFLGMGECVKREAFDWVLSEPDFVKASLTINRLVDDIVGHEFEQKRNHVWSSVECYVQESKTSREDAVYELNSRVESTWKDLNEGFLKPTKFPSPLLYRVLNYSRVIEVMYTKGDWYTNVGPEMQDCIRQLLIDPVNVE,0
118,"ldtps5_I290V,I385C,N457C,V476W,Y553C",MDLAKQISVVDSSLQDVTRNITRPLANFHPNVWGDRFLLNNSDQVQLKMNALDKEEAIEKLKEGVRRKLKEASNDYMRLIQMVDAIQRLGFAYHFEEEIDQALQCLFERHHEYCKDNHDLYANSLSFRLLRQQGYRVSCEIFEKFKDVKGNFMLPNNGEVMGVLEFYEATHLRVHGEDLLDHDFVLSREYLESVLPSLTNPLAEQVDHALHQHSNRRGLSRLEARHYMPVYEQYASHDQYLLKLAKLDFNMLQSLHKEELSELSRWWKGIDVARNLPYARDRIVETYFWVLGVYFEPEYAAARKILVKVQSLFSIIDDTFDAYGTFEELQIFTQALERWSISCLDQLPDYMKLIYKTVLEVYDEIEEEMIKQGTSYRTAYGIEACKSLTRNYFMEAEWREKKYTPTTDEHMRLALKTCGYTSLIIISFLGMGEVVKREAFDWVLSEPDFVKASLTICRLVDDIVGHEDEQKRNHVWSSVECYVQESKTSREDAVYELNSRVESTWKDLNEGFLKPTKFPSPLLYRVLNYSRVIEVMYTKGDWYTNVGPEMQDCIRQLLIDPVNVE,1
119,"ldtps5_I290V,I385C,V434C,L454C,V476W",MDLAKQISVVDSSLQDVTRNITRPLANFHPNVWGDRFLLNNSDQVQLKMNALDKEEAIEKLKEGVRRKLKEASNDYMRLIQMVDAIQRLGFAYHFEEEIDQALQCLFERHHEYCKDNHDLYANSLSFRLLRQQGYRVSCEIFEKFKDVKGNFMLPNNGEVMGVLEFYEATHLRVHGEDLLDHDFVLSREYLESVLPSLTNPLAEQVDHALHQHSNRRGLSRLEARHYMPVYEQYASHDQYLLKLAKLDFNMLQSLHKEELSELSRWWKGIDVARNLPYARDRIVETYFWVLGVYFEPEYAAARKILVKVQSLFSIIDDTFDAYGTFEELQIFTQALERWSISCLDQLPDYMKLIYKTVLEVYDEIEEEMIKQGTSYRTAYGIEACKSLTRNYFMEAEWREKKYTPTTDEHMRLALKTCGYTSLIIISFLGMGECVKREAFDWVLSEPDFVKASCTINRLVDDIVGHEDEQKRNHVWSSVECYVQESKTSREDAVYELNSRVESTWKDLNEGFLKPTKFPSPLLYRVLNYSRVIEVMYTKGDWYTNVGPEMQDYIRQLLIDPVNVE,1
120,"ldtps5_I290V,I385C,L454C,N457C,D468F",MDLAKQISVVDSSLQDVTRNITRPLANFHPNVWGDRFLLNNSDQVQLKMNALDKEEAIEKLKEGVRRKLKEASNDYMRLIQMVDAIQRLGFAYHFEEEIDQALQCLFERHHEYCKDNHDLYANSLSFRLLRQQGYRVSCEIFEKFKDVKGNFMLPNNGEVMGVLEFYEATHLRVHGEDLLDHDFVLSREYLESVLPSLTNPLAEQVDHALHQHSNRRGLSRLEARHYMPVYEQYASHDQYLLKLAKLDFNMLQSLHKEELSELSRWWKGIDVARNLPYARDRIVETYFWVLGVYFEPEYAAARKILVKVQSLFSIIDDTFDAYGTFEELQIFTQALERWSISCLDQLPDYMKLIYKTVLEVYDEIEEEMIKQGTSYRTAYGIEACKSLTRNYFMEAEWREKKYTPTTDEHMRLALKTCGYTSLIIISFLGMGEVVKREAFDWVLSEPDFVKASCTICRLVDDIVGHEFEQKRNHVVSSVECYVQESKTSREDAVYELNSRVESTWKDLNEGFLKPTKFPSPLLYRVLNYSRVIEVMYTKGDWYTNVGPEMQDYIRQLLIDPVNVE,0
121,"ldtps5_I290V,I385C,V434C,L454C,N457C",MDLAKQISVVDSSLQDVTRNITRPLANFHPNVWGDRFLLNNSDQVQLKMNALDKEEAIEKLKEGVRRKLKEASNDYMRLIQMVDAIQRLGFAYHFEEEIDQALQCLFERHHEYCKDNHDLYANSLSFRLLRQQGYRVSCEIFEKFKDVKGNFMLPNNGEVMGVLEFYEATHLRVHGEDLLDHDFVLSREYLESVLPSLTNPLAEQVDHALHQHSNRRGLSRLEARHYMPVYEQYASHDQYLLKLAKLDFNMLQSLHKEELSELSRWWKGIDVARNLPYARDRIVETYFWVLGVYFEPEYAAARKILVKVQSLFSIIDDTFDAYGTFEELQIFTQALERWSISCLDQLPDYMKLIYKTVLEVYDEIEEEMIKQGTSYRTAYGIEACKSLTRNYFMEAEWREKKYTPTTDEHMRLALKTCGYTSLIIISFLGMGECVKREAFDWVLSEPDFVKASCTICRLVDDIVGHEDEQKRNHVVSSVECYVQESKTSREDAVYELNSRVESTWKDLNEGFLKPTKFPSPLLYRVLNYSRVIEVMYTKGDWYTNVGPEMQDYIRQLLIDPVNVE,1
122,"ldtps5_I290V,I316L,V434C,N457C,D468F,Y553C",MDLAKQISVVDSSLQDVTRNITRPLANFHPNVWGDRFLLNNSDQVQLKMNALDKEEAIEKLKEGVRRKLKEASNDYMRLIQMVDAIQRLGFAYHFEEEIDQALQCLFERHHEYCKDNHDLYANSLSFRLLRQQGYRVSCEIFEKFKDVKGNFMLPNNGEVMGVLEFYEATHLRVHGEDLLDHDFVLSREYLESVLPSLTNPLAEQVDHALHQHSNRRGLSRLEARHYMPVYEQYASHDQYLLKLAKLDFNMLQSLHKEELSELSRWWKGIDVARNLPYARDRIVETYFWVLGVYFEPEYAAARKILVKVQSLFSILDDTFDAYGTFEELQIFTQALERWSISCLDQLPDYMKLIYKTVLEVYDEIEEEMIKQGTSYRTAYGIEAIKSLTRNYFMEAEWREKKYTPTTDEHMRLALKTCGYTSLIIISFLGMGECVKREAFDWVLSEPDFVKASLTICRLVDDIVGHEFEQKRNHVVSSVECYVQESKTSREDAVYELNSRVESTWKDLNEGFLKPTKFPSPLLYRVLNYSRVIEVMYTKGDWYTNVGPEMQDCIRQLLIDPVNVE,0
123,"ldtps5_I290V,V434C,L454C,N457C,D468F,Y553C",MDLAKQISVVDSSLQDVTRNITRPLANFHPNVWGDRFLLNNSDQVQLKMNALDKEEAIEKLKEGVRRKLKEASNDYMRLIQMVDAIQRLGFAYHFEEEIDQALQCLFERHHEYCKDNHDLYANSLSFRLLRQQGYRVSCEIFEKFKDVKGNFMLPNNGEVMGVLEFYEATHLRVHGEDLLDHDFVLSREYLESVLPSLTNPLAEQVDHALHQHSNRRGLSRLEARHYMPVYEQYASHDQYLLKLAKLDFNMLQSLHKEELSELSRWWKGIDVARNLPYARDRIVETYFWVLGVYFEPEYAAARKILVKVQSLFSIIDDTFDAYGTFEELQIFTQALERWSISCLDQLPDYMKLIYKTVLEVYDEIEEEMIKQGTSYRTAYGIEAIKSLTRNYFMEAEWREKKYTPTTDEHMRLALKTCGYTSLIIISFLGMGECVKREAFDWVLSEPDFVKASCTICRLVDDIVGHEFEQKRNHVVSSVECYVQESKTSREDAVYELNSRVESTWKDLNEGFLKPTKFPSPLLYRVLNYSRVIEVMYTKGDWYTNVGPEMQDCIRQLLIDPVNVE,1
124,"ldtps5_I290V,I316L,V434C,N457C,D468F,L558I",MDLAKQISVVDSSLQDVTRNITRPLANFHPNVWGDRFLLNNSDQVQLKMNALDKEEAIEKLKEGVRRKLKEASNDYMRLIQMVDAIQRLGFAYHFEEEIDQALQCLFERHHEYCKDNHDLYANSLSFRLLRQQGYRVSCEIFEKFKDVKGNFMLPNNGEVMGVLEFYEATHLRVHGEDLLDHDFVLSREYLESVLPSLTNPLAEQVDHALHQHSNRRGLSRLEARHYMPVYEQYASHDQYLLKLAKLDFNMLQSLHKEELSELSRWWKGIDVARNLPYARDRIVETYFWVLGVYFEPEYAAARKILVKVQSLFSILDDTFDAYGTFEELQIFTQALERWSISCLDQLPDYMKLIYKTVLEVYDEIEEEMIKQGTSYRTAYGIEAIKSLTRNYFMEAEWREKKYTPTTDEHMRLALKTCGYTSLIIISFLGMGECVKREAFDWVLSEPDFVKASLTICRLVDDIVGHEFEQKRNHVVSSVECYVQESKTSREDAVYELNSRVESTWKDLNEGFLKPTKFPSPLLYRVLNYSRVIEVMYTKGDWYTNVGPEMQDYIRQLIIDPVNVE,1
125,"ldtps5_S311A,I385C,L454C,N457C,D468F,V476W",MDLAKQISVVDSSLQDVTRNITRPLANFHPNVWGDRFLLNNSDQVQLKMNALDKEEAIEKLKEGVRRKLKEASNDYMRLIQMVDAIQRLGFAYHFEEEIDQALQCLFERHHEYCKDNHDLYANSLSFRLLRQQGYRVSCEIFEKFKDVKGNFMLPNNGEVMGVLEFYEATHLRVHGEDLLDHDFVLSREYLESVLPSLTNPLAEQVDHALHQHSNRRGLSRLEARHYMPVYEQYASHDQYLLKLAKLDFNMLQSLHKEELSELSRWWKGIDVARNLPYARDRIVETYFWILGVYFEPEYAAARKILVKVQALFSIIDDTFDAYGTFEELQIFTQALERWSISCLDQLPDYMKLIYKTVLEVYDEIEEEMIKQGTSYRTAYGIEACKSLTRNYFMEAEWREKKYTPTTDEHMRLALKTCGYTSLIIISFLGMGEVVKREAFDWVLSEPDFVKASCTICRLVDDIVGHEFEQKRNHVWSSVECYVQESKTSREDAVYELNSRVESTWKDLNEGFLKPTKFPSPLLYRVLNYSRVIEVMYTKGDWYTNVGPEMQDYIRQLLIDPVNVE,1
126,"ldtps5_I290V,I315L,I316L,I385C,V434C,N457C",MDLAKQISVVDSSLQDVTRNITRPLANFHPNVWGDRFLLNNSDQVQLKMNALDKEEAIEKLKEGVRRKLKEASNDYMRLIQMVDAIQRLGFAYHFEEEIDQALQCLFERHHEYCKDNHDLYANSLSFRLLRQQGYRVSCEIFEKFKDVKGNFMLPNNGEVMGVLEFYEATHLRVHGEDLLDHDFVLSREYLESVLPSLTNPLAEQVDHALHQHSNRRGLSRLEARHYMPVYEQYASHDQYLLKLAKLDFNMLQSLHKEELSELSRWWKGIDVARNLPYARDRIVETYFWVLGVYFEPEYAAARKILVKVQSLFSLLDDTFDAYGTFEELQIFTQALERWSISCLDQLPDYMKLIYKTVLEVYDEIEEEMIKQGTSYRTAYGIEACKSLTRNYFMEAEWREKKYTPTTDEHMRLALKTCGYTSLIIISFLGMGECVKREAFDWVLSEPDFVKASLTICRLVDDIVGHEDEQKRNHVVSSVECYVQESKTSREDAVYELNSRVESTWKDLNEGFLKPTKFPSPLLYRVLNYSRVIEVMYTKGDWYTNVGPEMQDYIRQLLIDPVNVE,1
127,"ldtps5_I290V,V434C,L454C,D468F,V476W,L558I",MDLAKQISVVDSSLQDVTRNITRPLANFHPNVWGDRFLLNNSDQVQLKMNALDKEEAIEKLKEGVRRKLKEASNDYMRLIQMVDAIQRLGFAYHFEEEIDQALQCLFERHHEYCKDNHDLYANSLSFRLLRQQGYRVSCEIFEKFKDVKGNFMLPNNGEVMGVLEFYEATHLRVHGEDLLDHDFVLSREYLESVLPSLTNPLAEQVDHALHQHSNRRGLSRLEARHYMPVYEQYASHDQYLLKLAKLDFNMLQSLHKEELSELSRWWKGIDVARNLPYARDRIVETYFWVLGVYFEPEYAAARKILVKVQSLFSIIDDTFDAYGTFEELQIFTQALERWSISCLDQLPDYMKLIYKTVLEVYDEIEEEMIKQGTSYRTAYGIEAIKSLTRNYFMEAEWREKKYTPTTDEHMRLALKTCGYTSLIIISFLGMGECVKREAFDWVLSEPDFVKASCTINRLVDDIVGHEFEQKRNHVWSSVECYVQESKTSREDAVYELNSRVESTWKDLNEGFLKPTKFPSPLLYRVLNYSRVIEVMYTKGDWYTNVGPEMQDYIRQLIIDPVNVE,1
128,"ldtps5_I290V,V434C,L454C,N457C,D468F,V476W,Y553C",MDLAKQISVVDSSLQDVTRNITRPLANFHPNVWGDRFLLNNSDQVQLKMNALDKEEAIEKLKEGVRRKLKEASNDYMRLIQMVDAIQRLGFAYHFEEEIDQALQCLFERHHEYCKDNHDLYANSLSFRLLRQQGYRVSCEIFEKFKDVKGNFMLPNNGEVMGVLEFYEATHLRVHGEDLLDHDFVLSREYLESVLPSLTNPLAEQVDHALHQHSNRRGLSRLEARHYMPVYEQYASHDQYLLKLAKLDFNMLQSLHKEELSELSRWWKGIDVARNLPYARDRIVETYFWVLGVYFEPEYAAARKILVKVQSLFSIIDDTFDAYGTFEELQIFTQALERWSISCLDQLPDYMKLIYKTVLEVYDEIEEEMIKQGTSYRTAYGIEAIKSLTRNYFMEAEWREKKYTPTTDEHMRLALKTCGYTSLIIISFLGMGECVKREAFDWVLSEPDFVKASCTICRLVDDIVGHEFEQKRNHVWSSVECYVQESKTSREDAVYELNSRVESTWKDLNEGFLKPTKFPSPLLYRVLNYSRVIEVMYTKGDWYTNVGPEMQDCIRQLLIDPVNVE,1
129,"ldtps5_I290V,I316L,I385C,V434C,L454C,N457C,V476W",MDLAKQISVVDSSLQDVTRNITRPLANFHPNVWGDRFLLNNSDQVQLKMNALDKEEAIEKLKEGVRRKLKEASNDYMRLIQMVDAIQRLGFAYHFEEEIDQALQCLFERHHEYCKDNHDLYANSLSFRLLRQQGYRVSCEIFEKFKDVKGNFMLPNNGEVMGVLEFYEATHLRVHGEDLLDHDFVLSREYLESVLPSLTNPLAEQVDHALHQHSNRRGLSRLEARHYMPVYEQYASHDQYLLKLAKLDFNMLQSLHKEELSELSRWWKGIDVARNLPYARDRIVETYFWVLGVYFEPEYAAARKILVKVQSLFSILDDTFDAYGTFEELQIFTQALERWSISCLDQLPDYMKLIYKTVLEVYDEIEEEMIKQGTSYRTAYGIEACKSLTRNYFMEAEWREKKYTPTTDEHMRLALKTCGYTSLIIISFLGMGECVKREAFDWVLSEPDFVKASCTICRLVDDIVGHEDEQKRNHVWSSVECYVQESKTSREDAVYELNSRVESTWKDLNEGFLKPTKFPSPLLYRVLNYSRVIEVMYTKGDWYTNVGPEMQDYIRQLLIDPVNVE,0
130,"ldtps5_I290V,S311A,I316L,I385C,V434C,N457C,V476W",MDLAKQISVVDSSLQDVTRNITRPLANFHPNVWGDRFLLNNSDQVQLKMNALDKEEAIEKLKEGVRRKLKEASNDYMRLIQMVDAIQRLGFAYHFEEEIDQALQCLFERHHEYCKDNHDLYANSLSFRLLRQQGYRVSCEIFEKFKDVKGNFMLPNNGEVMGVLEFYEATHLRVHGEDLLDHDFVLSREYLESVLPSLTNPLAEQVDHALHQHSNRRGLSRLEARHYMPVYEQYASHDQYLLKLAKLDFNMLQSLHKEELSELSRWWKGIDVARNLPYARDRIVETYFWVLGVYFEPEYAAARKILVKVQALFSILDDTFDAYGTFEELQIFTQALERWSISCLDQLPDYMKLIYKTVLEVYDEIEEEMIKQGTSYRTAYGIEACKSLTRNYFMEAEWREKKYTPTTDEHMRLALKTCGYTSLIIISFLGMGECVKREAFDWVLSEPDFVKASLTICRLVDDIVGHEDEQKRNHVWSSVECYVQESKTSREDAVYELNSRVESTWKDLNEGFLKPTKFPSPLLYRVLNYSRVIEVMYTKGDWYTNVGPEMQDYIRQLLIDPVNVE,0
131,"ldtps5_I290V,I316L,I385C,V434C,N457C,V476W,Y553C",MDLAKQISVVDSSLQDVTRNITRPLANFHPNVWGDRFLLNNSDQVQLKMNALDKEEAIEKLKEGVRRKLKEASNDYMRLIQMVDAIQRLGFAYHFEEEIDQALQCLFERHHEYCKDNHDLYANSLSFRLLRQQGYRVSCEIFEKFKDVKGNFMLPNNGEVMGVLEFYEATHLRVHGEDLLDHDFVLSREYLESVLPSLTNPLAEQVDHALHQHSNRRGLSRLEARHYMPVYEQYASHDQYLLKLAKLDFNMLQSLHKEELSELSRWWKGIDVARNLPYARDRIVETYFWVLGVYFEPEYAAARKILVKVQSLFSILDDTFDAYGTFEELQIFTQALERWSISCLDQLPDYMKLIYKTVLEVYDEIEEEMIKQGTSYRTAYGIEACKSLTRNYFMEAEWREKKYTPTTDEHMRLALKTCGYTSLIIISFLGMGECVKREAFDWVLSEPDFVKASLTICRLVDDIVGHEDEQKRNHVWSSVECYVQESKTSREDAVYELNSRVESTWKDLNEGFLKPTKFPSPLLYRVLNYSRVIEVMYTKGDWYTNVGPEMQDCIRQLLIDPVNVE,1
132,"ldtps5_I290V,I385C,V434C,L454C,N457C,V476W,Y553C,L558I",MDLAKQISVVDSSLQDVTRNITRPLANFHPNVWGDRFLLNNSDQVQLKMNALDKEEAIEKLKEGVRRKLKEASNDYMRLIQMVDAIQRLGFAYHFEEEIDQALQCLFERHHEYCKDNHDLYANSLSFRLLRQQGYRVSCEIFEKFKDVKGNFMLPNNGEVMGVLEFYEATHLRVHGEDLLDHDFVLSREYLESVLPSLTNPLAEQVDHALHQHSNRRGLSRLEARHYMPVYEQYASHDQYLLKLAKLDFNMLQSLHKEELSELSRWWKGIDVARNLPYARDRIVETYFWVLGVYFEPEYAAARKILVKVQSLFSIIDDTFDAYGTFEELQIFTQALERWSISCLDQLPDYMKLIYKTVLEVYDEIEEEMIKQGTSYRTAYGIEACKSLTRNYFMEAEWREKKYTPTTDEHMRLALKTCGYTSLIIISFLGMGECVKREAFDWVLSEPDFVKASCTICRLVDDIVGHEDEQKRNHVWSSVECYVQESKTSREDAVYELNSRVESTWKDLNEGFLKPTKFPSPLLYRVLNYSRVIEVMYTKGDWYTNVGPEMQDCIRQLIIDPVNVE,0
133,"ldtps5_I290V,V434C,L454C,N457C,D468F,V476W,Y553C,L558I",MDLAKQISVVDSSLQDVTRNITRPLANFHPNVWGDRFLLNNSDQVQLKMNALDKEEAIEKLKEGVRRKLKEASNDYMRLIQMVDAIQRLGFAYHFEEEIDQALQCLFERHHEYCKDNHDLYANSLSFRLLRQQGYRVSCEIFEKFKDVKGNFMLPNNGEVMGVLEFYEATHLRVHGEDLLDHDFVLSREYLESVLPSLTNPLAEQVDHALHQHSNRRGLSRLEARHYMPVYEQYASHDQYLLKLAKLDFNMLQSLHKEELSELSRWWKGIDVARNLPYARDRIVETYFWVLGVYFEPEYAAARKILVKVQSLFSIIDDTFDAYGTFEELQIFTQALERWSISCLDQLPDYMKLIYKTVLEVYDEIEEEMIKQGTSYRTAYGIEAIKSLTRNYFMEAEWREKKYTPTTDEHMRLALKTCGYTSLIIISFLGMGECVKREAFDWVLSEPDFVKASCTICRLVDDIVGHEFEQKRNHVWSSVECYVQESKTSREDAVYELNSRVESTWKDLNEGFLKPTKFPSPLLYRVLNYSRVIEVMYTKGDWYTNVGPEMQDCIRQLIIDPVNVE,0
134,"ldtps5_I290V,S311A,I316L,I385C,V434C,N457C,V476W,L558I",MDLAKQISVVDSSLQDVTRNITRPLANFHPNVWGDRFLLNNSDQVQLKMNALDKEEAIEKLKEGVRRKLKEASNDYMRLIQMVDAIQRLGFAYHFEEEIDQALQCLFERHHEYCKDNHDLYANSLSFRLLRQQGYRVSCEIFEKFKDVKGNFMLPNNGEVMGVLEFYEATHLRVHGEDLLDHDFVLSREYLESVLPSLTNPLAEQVDHALHQHSNRRGLSRLEARHYMPVYEQYASHDQYLLKLAKLDFNMLQSLHKEELSELSRWWKGIDVARNLPYARDRIVETYFWVLGVYFEPEYAAARKILVKVQALFSILDDTFDAYGTFEELQIFTQALERWSISCLDQLPDYMKLIYKTVLEVYDEIEEEMIKQGTSYRTAYGIEACKSLTRNYFMEAEWREKKYTPTTDEHMRLALKTCGYTSLIIISFLGMGECVKREAFDWVLSEPDFVKASLTICRLVDDIVGHEDEQKRNHVWSSVECYVQESKTSREDAVYELNSRVESTWKDLNEGFLKPTKFPSPLLYRVLNYSRVIEVMYTKGDWYTNVGPEMQDYIRQLIIDPVNVE,1
135,"ldtps5_I290V,S311A,V434C,L454C,N457C,D468F,V476W,L558I",MDLAKQISVVDSSLQDVTRNITRPLANFHPNVWGDRFLLNNSDQVQLKMNALDKEEAIEKLKEGVRRKLKEASNDYMRLIQMVDAIQRLGFAYHFEEEIDQALQCLFERHHEYCKDNHDLYANSLSFRLLRQQGYRVSCEIFEKFKDVKGNFMLPNNGEVMGVLEFYEATHLRVHGEDLLDHDFVLSREYLESVLPSLTNPLAEQVDHALHQHSNRRGLSRLEARHYMPVYEQYASHDQYLLKLAKLDFNMLQSLHKEELSELSRWWKGIDVARNLPYARDRIVETYFWVLGVYFEPEYAAARKILVKVQALFSIIDDTFDAYGTFEELQIFTQALERWSISCLDQLPDYMKLIYKTVLEVYDEIEEEMIKQGTSYRTAYGIEAIKSLTRNYFMEAEWREKKYTPTTDEHMRLALKTCGYTSLIIISFLGMGECVKREAFDWVLSEPDFVKASCTICRLVDDIVGHEFEQKRNHVWSSVECYVQESKTSREDAVYELNSRVESTWKDLNEGFLKPTKFPSPLLYRVLNYSRVIEVMYTKGDWYTNVGPEMQDYIRQLIIDPVNVE,1
136,"ldtps5_I290V,S311A,I385C,L454C,N457C,D468F,V476W,Y553C",MDLAKQISVVDSSLQDVTRNITRPLANFHPNVWGDRFLLNNSDQVQLKMNALDKEEAIEKLKEGVRRKLKEASNDYMRLIQMVDAIQRLGFAYHFEEEIDQALQCLFERHHEYCKDNHDLYANSLSFRLLRQQGYRVSCEIFEKFKDVKGNFMLPNNGEVMGVLEFYEATHLRVHGEDLLDHDFVLSREYLESVLPSLTNPLAEQVDHALHQHSNRRGLSRLEARHYMPVYEQYASHDQYLLKLAKLDFNMLQSLHKEELSELSRWWKGIDVARNLPYARDRIVETYFWVLGVYFEPEYAAARKILVKVQALFSIIDDTFDAYGTFEELQIFTQALERWSISCLDQLPDYMKLIYKTVLEVYDEIEEEMIKQGTSYRTAYGIEACKSLTRNYFMEAEWREKKYTPTTDEHMRLALKTCGYTSLIIISFLGMGEVVKREAFDWVLSEPDFVKASCTICRLVDDIVGHEFEQKRNHVWSSVECYVQESKTSREDAVYELNSRVESTWKDLNEGFLKPTKFPSPLLYRVLNYSRVIEVMYTKGDWYTNVGPEMQDCIRQLLIDPVNVE,0
137,"ldtps5_I290V,S311A,I316L,I385C,V434C,N457C,D468F,L558I",MDLAKQISVVDSSLQDVTRNITRPLANFHPNVWGDRFLLNNSDQVQLKMNALDKEEAIEKLKEGVRRKLKEASNDYMRLIQMVDAIQRLGFAYHFEEEIDQALQCLFERHHEYCKDNHDLYANSLSFRLLRQQGYRVSCEIFEKFKDVKGNFMLPNNGEVMGVLEFYEATHLRVHGEDLLDHDFVLSREYLESVLPSLTNPLAEQVDHALHQHSNRRGLSRLEARHYMPVYEQYASHDQYLLKLAKLDFNMLQSLHKEELSELSRWWKGIDVARNLPYARDRIVETYFWVLGVYFEPEYAAARKILVKVQALFSILDDTFDAYGTFEELQIFTQALERWSISCLDQLPDYMKLIYKTVLEVYDEIEEEMIKQGTSYRTAYGIEACKSLTRNYFMEAEWREKKYTPTTDEHMRLALKTCGYTSLIIISFLGMGECVKREAFDWVLSEPDFVKASLTICRLVDDIVGHEFEQKRNHVVSSVECYVQESKTSREDAVYELNSRVESTWKDLNEGFLKPTKFPSPLLYRVLNYSRVIEVMYTKGDWYTNVGPEMQDYIRQLIIDPVNVE,0
138,"ldtps5_I290V,S311A,I385C,V434C,L454C,N457C,D468F,V476W,L558I",MDLAKQISVVDSSLQDVTRNITRPLANFHPNVWGDRFLLNNSDQVQLKMNALDKEEAIEKLKEGVRRKLKEASNDYMRLIQMVDAIQRLGFAYHFEEEIDQALQCLFERHHEYCKDNHDLYANSLSFRLLRQQGYRVSCEIFEKFKDVKGNFMLPNNGEVMGVLEFYEATHLRVHGEDLLDHDFVLSREYLESVLPSLTNPLAEQVDHALHQHSNRRGLSRLEARHYMPVYEQYASHDQYLLKLAKLDFNMLQSLHKEELSELSRWWKGIDVARNLPYARDRIVETYFWVLGVYFEPEYAAARKILVKVQALFSIIDDTFDAYGTFEELQIFTQALERWSISCLDQLPDYMKLIYKTVLEVYDEIEEEMIKQGTSYRTAYGIEACKSLTRNYFMEAEWREKKYTPTTDEHMRLALKTCGYTSLIIISFLGMGECVKREAFDWVLSEPDFVKASCTICRLVDDIVGHEFEQKRNHVWSSVECYVQESKTSREDAVYELNSRVESTWKDLNEGFLKPTKFPSPLLYRVLNYSRVIEVMYTKGDWYTNVGPEMQDYIRQLIIDPVNVE,0
139,"ldtps5_I290V,I385C,V434C,L454C,N457C,D468F,V476W,L558I",MDLAKQISVVDSSLQDVTRNITRPLANFHPNVWGDRFLLNNSDQVQLKMNALDKEEAIEKLKEGVRRKLKEASNDYMRLIQMVDAIQRLGFAYHFEEEIDQALQCLFERHHEYCKDNHDLYANSLSFRLLRQQGYRVSCEIFEKFKDVKGNFMLPNNGEVMGVLEFYEATHLRVHGEDLLDHDFVLSREYLESVLPSLTNPLAEQVDHALHQHSNRRGLSRLEARHYMPVYEQYASHDQYLLKLAKLDFNMLQSLHKEELSELSRWWKGIDVARNLPYARDRIVETYFWVLGVYFEPEYAAARKILVKVQSLFSIIDDTFDAYGTFEELQIFTQALERWSISCLDQLPDYMKLIYKTVLEVYDEIEEEMIKQGTSYRTAYGIEACKSLTRNYFMEAEWREKKYTPTTDEHMRLALKTCGYTSLIIISFLGMGECVKREAFDWVLSEPDFVKASCTICRLVDDIVGHEFEQKRNHVWSSVECYVQESKTSREDAVYELNSRVESTWKDLNEGFLKPTKFPSPLLYRVLNYSRVIEVMYTKGDWYTNVGPEMQDYIRQLIIDPVNVE,1
140,"ldtps5_I290V,I385C,V434C,L454C,D468F,V476W,L558I",MDLAKQISVVDSSLQDVTRNITRPLANFHPNVWGDRFLLNNSDQVQLKMNALDKEEAIEKLKEGVRRKLKEASNDYMRLIQMVDAIQRLGFAYHFEEEIDQALQCLFERHHEYCKDNHDLYANSLSFRLLRQQGYRVSCEIFEKFKDVKGNFMLPNNGEVMGVLEFYEATHLRVHGEDLLDHDFVLSREYLESVLPSLTNPLAEQVDHALHQHSNRRGLSRLEARHYMPVYEQYASHDQYLLKLAKLDFNMLQSLHKEELSELSRWWKGIDVARNLPYARDRIVETYFWVLGVYFEPEYAAARKILVKVQSLFSIIDDTFDAYGTFEELQIFTQALERWSISCLDQLPDYMKLIYKTVLEVYDEIEEEMIKQGTSYRTAYGIEACKSLTRNYFMEAEWREKKYTPTTDEHMRLALKTCGYTSLIIISFLGMGECVKREAFDWVLSEPDFVKASCTINRLVDDIVGHEFEQKRNHVWSSVECYVQESKTSREDAVYELNSRVESTWKDLNEGFLKPTKFPSPLLYRVLNYSRVIEVMYTKGDWYTNVGPEMQDYIRQLIIDPVNVE,0
141,"ldtps5_I290V,V434C,L454C,N457C,D468F,V476W,L558I",MDLAKQISVVDSSLQDVTRNITRPLANFHPNVWGDRFLLNNSDQVQLKMNALDKEEAIEKLKEGVRRKLKEASNDYMRLIQMVDAIQRLGFAYHFEEEIDQALQCLFERHHEYCKDNHDLYANSLSFRLLRQQGYRVSCEIFEKFKDVKGNFMLPNNGEVMGVLEFYEATHLRVHGEDLLDHDFVLSREYLESVLPSLTNPLAEQVDHALHQHSNRRGLSRLEARHYMPVYEQYASHDQYLLKLAKLDFNMLQSLHKEELSELSRWWKGIDVARNLPYARDRIVETYFWVLGVYFEPEYAAARKILVKVQSLFSIIDDTFDAYGTFEELQIFTQALERWSISCLDQLPDYMKLIYKTVLEVYDEIEEEMIKQGTSYRTAYGIEAIKSLTRNYFMEAEWREKKYTPTTDEHMRLALKTCGYTSLIIISFLGMGECVKREAFDWVLSEPDFVKASCTICRLVDDIVGHEFEQKRNHVWSSVECYVQESKTSREDAVYELNSRVESTWKDLNEGFLKPTKFPSPLLYRVLNYSRVIEVMYTKGDWYTNVGPEMQDYIRQLIIDPVNVE,1
142,"ldtps5_I290V,I385C,L454C,V476W,Y553C",MDLAKQISVVDSSLQDVTRNITRPLANFHPNVWGDRFLLNNSDQVQLKMNALDKEEAIEKLKEGVRRKLKEASNDYMRLIQMVDAIQRLGFAYHFEEEIDQALQCLFERHHEYCKDNHDLYANSLSFRLLRQQGYRVSCEIFEKFKDVKGNFMLPNNGEVMGVLEFYEATHLRVHGEDLLDHDFVLSREYLESVLPSLTNPLAEQVDHALHQHSNRRGLSRLEARHYMPVYEQYASHDQYLLKLAKLDFNMLQSLHKEELSELSRWWKGIDVARNLPYARDRIVETYFWVLGVYFEPEYAAARKILVKVQSLFSIIDDTFDAYGTFEELQIFTQALERWSISCLDQLPDYMKLIYKTVLEVYDEIEEEMIKQGTSYRTAYGIEACKSLTRNYFMEAEWREKKYTPTTDEHMRLALKTCGYTSLIIISFLGMGEVVKREAFDWVLSEPDFVKASCTINRLVDDIVGHEDEQKRNHVWSSVECYVQESKTSREDAVYELNSRVESTWKDLNEGFLKPTKFPSPLLYRVLNYSRVIEVMYTKGDWYTNVGPEMQDCIRQLLIDPVNVE,0
143,"ldtps5_I290V,I385C,V434C,L454C,V476W,Y553C,L558I",MDLAKQISVVDSSLQDVTRNITRPLANFHPNVWGDRFLLNNSDQVQLKMNALDKEEAIEKLKEGVRRKLKEASNDYMRLIQMVDAIQRLGFAYHFEEEIDQALQCLFERHHEYCKDNHDLYANSLSFRLLRQQGYRVSCEIFEKFKDVKGNFMLPNNGEVMGVLEFYEATHLRVHGEDLLDHDFVLSREYLESVLPSLTNPLAEQVDHALHQHSNRRGLSRLEARHYMPVYEQYASHDQYLLKLAKLDFNMLQSLHKEELSELSRWWKGIDVARNLPYARDRIVETYFWVLGVYFEPEYAAARKILVKVQSLFSIIDDTFDAYGTFEELQIFTQALERWSISCLDQLPDYMKLIYKTVLEVYDEIEEEMIKQGTSYRTAYGIEACKSLTRNYFMEAEWREKKYTPTTDEHMRLALKTCGYTSLIIISFLGMGECVKREAFDWVLSEPDFVKASCTINRLVDDIVGHEDEQKRNHVWSSVECYVQESKTSREDAVYELNSRVESTWKDLNEGFLKPTKFPSPLLYRVLNYSRVIEVMYTKGDWYTNVGPEMQDCIRQLIIDPVNVE,1
144,"ldtps5_I290V,I385C,L454C,Y553C,L558I",MDLAKQISVVDSSLQDVTRNITRPLANFHPNVWGDRFLLNNSDQVQLKMNALDKEEAIEKLKEGVRRKLKEASNDYMRLIQMVDAIQRLGFAYHFEEEIDQALQCLFERHHEYCKDNHDLYANSLSFRLLRQQGYRVSCEIFEKFKDVKGNFMLPNNGEVMGVLEFYEATHLRVHGEDLLDHDFVLSREYLESVLPSLTNPLAEQVDHALHQHSNRRGLSRLEARHYMPVYEQYASHDQYLLKLAKLDFNMLQSLHKEELSELSRWWKGIDVARNLPYARDRIVETYFWVLGVYFEPEYAAARKILVKVQSLFSIIDDTFDAYGTFEELQIFTQALERWSISCLDQLPDYMKLIYKTVLEVYDEIEEEMIKQGTSYRTAYGIEACKSLTRNYFMEAEWREKKYTPTTDEHMRLALKTCGYTSLIIISFLGMGEVVKREAFDWVLSEPDFVKASCTINRLVDDIVGHEDEQKRNHVVSSVECYVQESKTSREDAVYELNSRVESTWKDLNEGFLKPTKFPSPLLYRVLNYSRVIEVMYTKGDWYTNVGPEMQDCIRQLIIDPVNVE,0
145,"ldtps5_I290V,I385C,L454C,V476W,Y553C,L558I",MDLAKQISVVDSSLQDVTRNITRPLANFHPNVWGDRFLLNNSDQVQLKMNALDKEEAIEKLKEGVRRKLKEASNDYMRLIQMVDAIQRLGFAYHFEEEIDQALQCLFERHHEYCKDNHDLYANSLSFRLLRQQGYRVSCEIFEKFKDVKGNFMLPNNGEVMGVLEFYEATHLRVHGEDLLDHDFVLSREYLESVLPSLTNPLAEQVDHALHQHSNRRGLSRLEARHYMPVYEQYASHDQYLLKLAKLDFNMLQSLHKEELSELSRWWKGIDVARNLPYARDRIVETYFWVLGVYFEPEYAAARKILVKVQSLFSIIDDTFDAYGTFEELQIFTQALERWSISCLDQLPDYMKLIYKTVLEVYDEIEEEMIKQGTSYRTAYGIEACKSLTRNYFMEAEWREKKYTPTTDEHMRLALKTCGYTSLIIISFLGMGEVVKREAFDWVLSEPDFVKASCTINRLVDDIVGHEDEQKRNHVWSSVECYVQESKTSREDAVYELNSRVESTWKDLNEGFLKPTKFPSPLLYRVLNYSRVIEVMYTKGDWYTNVGPEMQDCIRQLIIDPVNVE,0
146,"ldtps5_I290V,I385C,L454C,Y553C",MDLAKQISVVDSSLQDVTRNITRPLANFHPNVWGDRFLLNNSDQVQLKMNALDKEEAIEKLKEGVRRKLKEASNDYMRLIQMVDAIQRLGFAYHFEEEIDQALQCLFERHHEYCKDNHDLYANSLSFRLLRQQGYRVSCEIFEKFKDVKGNFMLPNNGEVMGVLEFYEATHLRVHGEDLLDHDFVLSREYLESVLPSLTNPLAEQVDHALHQHSNRRGLSRLEARHYMPVYEQYASHDQYLLKLAKLDFNMLQSLHKEELSELSRWWKGIDVARNLPYARDRIVETYFWVLGVYFEPEYAAARKILVKVQSLFSIIDDTFDAYGTFEELQIFTQALERWSISCLDQLPDYMKLIYKTVLEVYDEIEEEMIKQGTSYRTAYGIEACKSLTRNYFMEAEWREKKYTPTTDEHMRLALKTCGYTSLIIISFLGMGEVVKREAFDWVLSEPDFVKASCTINRLVDDIVGHEDEQKRNHVVSSVECYVQESKTSREDAVYELNSRVESTWKDLNEGFLKPTKFPSPLLYRVLNYSRVIEVMYTKGDWYTNVGPEMQDCIRQLLIDPVNVE,0
147,"ldtps5_I290V,I385C,L454C,V476W,L558I",MDLAKQISVVDSSLQDVTRNITRPLANFHPNVWGDRFLLNNSDQVQLKMNALDKEEAIEKLKEGVRRKLKEASNDYMRLIQMVDAIQRLGFAYHFEEEIDQALQCLFERHHEYCKDNHDLYANSLSFRLLRQQGYRVSCEIFEKFKDVKGNFMLPNNGEVMGVLEFYEATHLRVHGEDLLDHDFVLSREYLESVLPSLTNPLAEQVDHALHQHSNRRGLSRLEARHYMPVYEQYASHDQYLLKLAKLDFNMLQSLHKEELSELSRWWKGIDVARNLPYARDRIVETYFWVLGVYFEPEYAAARKILVKVQSLFSIIDDTFDAYGTFEELQIFTQALERWSISCLDQLPDYMKLIYKTVLEVYDEIEEEMIKQGTSYRTAYGIEACKSLTRNYFMEAEWREKKYTPTTDEHMRLALKTCGYTSLIIISFLGMGEVVKREAFDWVLSEPDFVKASCTINRLVDDIVGHEDEQKRNHVWSSVECYVQESKTSREDAVYELNSRVESTWKDLNEGFLKPTKFPSPLLYRVLNYSRVIEVMYTKGDWYTNVGPEMQDYIRQLIIDPVNVE,0
148,"ldtps5_I290V,I385C,L454C,D468F,V476W,Y553C,L558I",MDLAKQISVVDSSLQDVTRNITRPLANFHPNVWGDRFLLNNSDQVQLKMNALDKEEAIEKLKEGVRRKLKEASNDYMRLIQMVDAIQRLGFAYHFEEEIDQALQCLFERHHEYCKDNHDLYANSLSFRLLRQQGYRVSCEIFEKFKDVKGNFMLPNNGEVMGVLEFYEATHLRVHGEDLLDHDFVLSREYLESVLPSLTNPLAEQVDHALHQHSNRRGLSRLEARHYMPVYEQYASHDQYLLKLAKLDFNMLQSLHKEELSELSRWWKGIDVARNLPYARDRIVETYFWVLGVYFEPEYAAARKILVKVQSLFSIIDDTFDAYGTFEELQIFTQALERWSISCLDQLPDYMKLIYKTVLEVYDEIEEEMIKQGTSYRTAYGIEACKSLTRNYFMEAEWREKKYTPTTDEHMRLALKTCGYTSLIIISFLGMGEVVKREAFDWVLSEPDFVKASCTINRLVDDIVGHEFEQKRNHVWSSVECYVQESKTSREDAVYELNSRVESTWKDLNEGFLKPTKFPSPLLYRVLNYSRVIEVMYTKGDWYTNVGPEMQDCIRQLIIDPVNVE,0
149,"ldtps5_I290V,I385C,V434C,L454C,V476W,Y553C",MDLAKQISVVDSSLQDVTRNITRPLANFHPNVWGDRFLLNNSDQVQLKMNALDKEEAIEKLKEGVRRKLKEASNDYMRLIQMVDAIQRLGFAYHFEEEIDQALQCLFERHHEYCKDNHDLYANSLSFRLLRQQGYRVSCEIFEKFKDVKGNFMLPNNGEVMGVLEFYEATHLRVHGEDLLDHDFVLSREYLESVLPSLTNPLAEQVDHALHQHSNRRGLSRLEARHYMPVYEQYASHDQYLLKLAKLDFNMLQSLHKEELSELSRWWKGIDVARNLPYARDRIVETYFWVLGVYFEPEYAAARKILVKVQSLFSIIDDTFDAYGTFEELQIFTQALERWSISCLDQLPDYMKLIYKTVLEVYDEIEEEMIKQGTSYRTAYGIEACKSLTRNYFMEAEWREKKYTPTTDEHMRLALKTCGYTSLIIISFLGMGECVKREAFDWVLSEPDFVKASCTINRLVDDIVGHEDEQKRNHVWSSVECYVQESKTSREDAVYELNSRVESTWKDLNEGFLKPTKFPSPLLYRVLNYSRVIEVMYTKGDWYTNVGPEMQDCIRQLLIDPVNVE,1
150,"ldtps5_I290V,I385C,V434C,L454C,V476W,L558I",MDLAKQISVVDSSLQDVTRNITRPLANFHPNVWGDRFLLNNSDQVQLKMNALDKEEAIEKLKEGVRRKLKEASNDYMRLIQMVDAIQRLGFAYHFEEEIDQALQCLFERHHEYCKDNHDLYANSLSFRLLRQQGYRVSCEIFEKFKDVKGNFMLPNNGEVMGVLEFYEATHLRVHGEDLLDHDFVLSREYLESVLPSLTNPLAEQVDHALHQHSNRRGLSRLEARHYMPVYEQYASHDQYLLKLAKLDFNMLQSLHKEELSELSRWWKGIDVARNLPYARDRIVETYFWVLGVYFEPEYAAARKILVKVQSLFSIIDDTFDAYGTFEELQIFTQALERWSISCLDQLPDYMKLIYKTVLEVYDEIEEEMIKQGTSYRTAYGIEACKSLTRNYFMEAEWREKKYTPTTDEHMRLALKTCGYTSLIIISFLGMGECVKREAFDWVLSEPDFVKASCTINRLVDDIVGHEDEQKRNHVWSSVECYVQESKTSREDAVYELNSRVESTWKDLNEGFLKPTKFPSPLLYRVLNYSRVIEVMYTKGDWYTNVGPEMQDYIRQLIIDPVNVE,1
151,"ldtps5_I290V,I385C,L454C,D468F,V476W,Y553C",MDLAKQISVVDSSLQDVTRNITRPLANFHPNVWGDRFLLNNSDQVQLKMNALDKEEAIEKLKEGVRRKLKEASNDYMRLIQMVDAIQRLGFAYHFEEEIDQALQCLFERHHEYCKDNHDLYANSLSFRLLRQQGYRVSCEIFEKFKDVKGNFMLPNNGEVMGVLEFYEATHLRVHGEDLLDHDFVLSREYLESVLPSLTNPLAEQVDHALHQHSNRRGLSRLEARHYMPVYEQYASHDQYLLKLAKLDFNMLQSLHKEELSELSRWWKGIDVARNLPYARDRIVETYFWVLGVYFEPEYAAARKILVKVQSLFSIIDDTFDAYGTFEELQIFTQALERWSISCLDQLPDYMKLIYKTVLEVYDEIEEEMIKQGTSYRTAYGIEACKSLTRNYFMEAEWREKKYTPTTDEHMRLALKTCGYTSLIIISFLGMGEVVKREAFDWVLSEPDFVKASCTINRLVDDIVGHEFEQKRNHVWSSVECYVQESKTSREDAVYELNSRVESTWKDLNEGFLKPTKFPSPLLYRVLNYSRVIEVMYTKGDWYTNVGPEMQDCIRQLLIDPVNVE,0
